"reaction number","true rclass","true rsmiles","true reacs","true prod","notes","true SA diff","true Cm diff","canonical true rsmiles","canonical true reacs","canonical true prod","canonical true SA diff","canonical true Cm diff","project ID","ret ID","ret pred rclass","ret pred rsmiles","ret pred reacs","ret confidence","ret optimization","ret SA diff","ret Cm diff","canonical ret ID","canonical ret pred rsmiles","canonical ret pred reacs","canonical ret confidence","canonical ret optimization","canonical ret SA diff","canonical ret Cm diff","forward pred ID","forward pred rsmiles","forward pred reacs","forward pred prod","forward pred confidence","forward pred SA diff","forward pred Cm diff","ret and canonical pred sameQ","ret and forward pred sameQ"
"2.1b","electrophilic aromatic substitution","CC(C)C1=CC=C(OC)C=C1.O[N+]([O-])=O.O=S(O)(O)=O>>CC(C)C2=CC=C(OC)C([N+]([O-])=O)=C2","CC(C)C1=CC=C(OC)C=C1.O[N+]([O-])=O.O=S(O)(O)=O","CC(C)C2=CC=C(OC)C([N+]([O-])=O)=C2","",-4.162819266679525,17.946234276008227,"COc1ccc(C(C)C)cc1.O=[N+]([O-])O.O=S(=O)(O)O>>COc1ccc(C(C)C)cc1[N+](=O)[O-]","COc1ccc(C(C)C)cc1.O=[N+]([O-])O.O=S(=O)(O)O","COc1ccc(C(C)C)cc1[N+](=O)[O-]",-4.162819266679525,17.946234276008227,"5f3d47c43dc67c0001c326fc","5f3d67bd3dc67c0001c34203","Hydroxy to methoxy","CC(C)c1ccc(O)c([N+](=O)[O-])c1.CI.CN(C)C=O.O=C([O-])[O-].[K+].[K+].O=C([O-])[O-].[K+].[K+]>>CC(C)C2=CC=C(OC)C([N+]([O-])=O)=C2","CC(C)c1ccc(O)c([N+](=O)[O-])c1.CI.CN(C)C=O.O=C([O-])[O-].[K+].[K+].O=C([O-])[O-].[K+].[K+]",0.982,1.02,-47.554812940748846,-101.43174723664546,"5f3d67f43dc67c0001c34258","CC(C)c1ccc(O)c([N+](=O)[O-])c1.CI.CN(C)C=O.O=C([O-])[O-].[K+].[K+].O=C([O-])[O-].[K+].[K+]>>COc1ccc(C(C)C)cc1[N+](=O)[O-]","CC(C)c1ccc(O)c([N+](=O)[O-])c1.CI.CN(C)C=O.O=C([O-])[O-].[K+].[K+].O=C([O-])[O-].[K+].[K+]",0.982,1.02,-47.554812940748846,-101.43174723664546,"5f3d67db3dc67c0001c34246","COc1ccc(C(C)C)cc1.O=S(=O)(O)O.O=[N+]([O-])O>>COc1ccc(C(C)C)cc1[N+](=O)[O-]","COc1ccc(C(C)C)cc1.O=S(=O)(O)O.O=[N+]([O-])O","COc1ccc(C(C)C)cc1[N+](=O)[O-]",0.9932925166152008,-4.162819266679525,17.946234276008198,"True","False"
"2.3a","amide formation","CC1=CC=C(N)C=C1.CC(OC(C)=O)=O.OC(C)=O>>CC2=CC=C(NC(C)=O)C=C2","CC1=CC=C(N)C=C1.CC(OC(C)=O)=O.OC(C)=O","CC2=CC=C(NC(C)=O)C=C2","",-3.9497892547349647,-24.865918814552202,"Cc1ccc(N)cc1.CC(=O)OC(C)=O.CC(=O)O>>CC(=O)Nc1ccc(C)cc1","Cc1ccc(N)cc1.CC(=O)OC(C)=O.CC(=O)O","CC(=O)Nc1ccc(C)cc1",-3.9497892547349647,-24.865918814552202,"5f3ac7365ce6d3000172157d","5f3d68143dc67c0001c342a0","N-acetylation","CC(=O)OC(C)=O.Cc1ccc(N)cc1.ClCCl>>CC2=CC=C(NC(C)=O)C=C2","CC(=O)OC(C)=O.Cc1ccc(N)cc1.ClCCl",0.929,0.99,-5.262961708440429,1.8592213442172039,"5f3d684d3dc67c0001c3431e","CC(=O)OC(C)=O.Cc1ccc(N)cc1.ClCCl>>CC(=O)Nc1ccc(C)cc1","CC(=O)OC(C)=O.Cc1ccc(N)cc1.ClCCl",0.929,0.99,-5.262961708440429,1.8592213442172039,"5f3d68343dc67c0001c34306","CC(=O)O.CC(=O)OC(C)=O.Cc1ccc(N)cc1>>CC(=O)Nc1ccc(C)cc1","CC(=O)O.CC(=O)OC(C)=O.Cc1ccc(N)cc1","CC(=O)Nc1ccc(C)cc1",0.9668762831648564,-3.9497892547349647,-24.86591881455223,"True","False"
"6.5","epoxide opening","C[C@H]1OC1.OCCN.O=C(OC(OC(C)(C)C)=O)OC(C)(C)C>>OCCN(C[C@@H](C)O)C(OC(C)(C)C)=O","C[C@H]1OC1.OCCN.O=C(OC(OC(C)(C)C)=O)OC(C)(C)C","OCCN(C[C@@H](C)O)C(OC(C)(C)C)=O","",-4.336342941606494,11.45763738099177,"CC1CO1.NCCO.CC(C)(C)OC(=O)OC(=O)OC(C)(C)C>>CC(O)CN(CCO)C(=O)OC(C)(C)C","CC1CO1.NCCO.CC(C)(C)OC(=O)OC(=O)OC(C)(C)C","CC(O)CN(CCO)C(=O)OC(C)(C)C",-4.336342941606494,11.45763738099177,"5f3aca5b5ce6d30001721613","5f3d68b93dc67c0001c3439d","N-Boc protection","C[C@@H](O)CNCCO.CC(C)(C)OC(=O)OC(=O)OC(C)(C)C.ClCCl.O>>OCCN(C[C@@H](C)O)C(OC(C)(C)C)=O","C[C@@H](O)CNCCO.CC(C)(C)OC(=O)OC(=O)OC(C)(C)C.ClCCl.O",0.946,1.04,-11.0517962835545,0.3689963485441581,"5f3d68e43dc67c0001c343c8","CC(C)(C)OC(=O)OC(=O)OC(C)(C)C.CC(O)CNCCO.CCN(CC)CC.ClCCl>>CC(O)CN(CCO)C(=O)OC(C)(C)C","CC(C)(C)OC(=O)OC(=O)OC(C)(C)C.CC(O)CNCCO.CCN(CC)CC.ClCCl",0.937,1.23,-7.087066023924734,-28.444784842672874,"5f3d68cb3dc67c0001c343b3","CC(C)(C)OC(=O)OC(=O)OC(C)(C)C.C[C@@H]1CO1.NCCO>>C[C@@H](O)CN(CCO)C(=O)OC(C)(C)C","CC(C)(C)OC(=O)OC(=O)OC(C)(C)C.C[C@@H]1CO1.NCCO","C[C@@H](O)CN(CCO)C(=O)OC(C)(C)C",0.7025499424527204,-4.336342941606494,11.45763738099177,"False","False"
"6.7a","conjugate addition","NCCCC.C=CC(OCC)=O>>O=C(CCNCCCC)OCC","NCCCC.C=CC(OCC)=O","O=C(CCNCCCC)OCC","ethanol solvent",-2.246403253020528,16.473931188332415,"CCCCN.C=CC(=O)OCC>>CCCCNCCC(=O)OCC","CCCCN.C=CC(=O)OCC","CCCCNCCC(=O)OCC",-2.246403253020528,16.473931188332415,"5f3aca785ce6d3000172161a","5f3ff4f23dc67c0001c514ac","Unrecognized","C=CC(=O)OCC.CCCCN.O.[Cu+]>>O=C(CCNCCCC)OCC","C=CC(=O)OCC.CCCCN.O.[Cu+]",0.936,1.06,-16.103895560712836,16.473931188332415,"5f3ff5293dc67c0001c51523","C=CC(=O)OCC.CCCCN.O.[Cu+]>>CCCCNCCC(=O)OCC","C=CC(=O)OCC.CCCCN.O.[Cu+]",0.936,1.06,-16.103895560712836,16.473931188332415,"5f3ff50f3dc67c0001c5150e","C=CC(=O)OCC.CCCCN>>CCCCNCCC(=O)OCC","C=CC(=O)OCC.CCCCN","CCCCNCCC(=O)OCC",0.9380147179861447,-2.246403253020528,16.473931188332415,"True","True"
"17.2","dielsalder","O=C(C#CC(OCC)=O)OCC.CC1(C)CC(/C=C/C=O)=CC1>>CC2(C)CC3=CC(C=O)C(C(OCC)=O)=C(C(OCC)=O)C3C2","O=C(C#CC(OCC)=O)OCC.CC1(C)CC(/C=C/C=O)=CC1","CC2(C)CC3=CC(C=O)C(C(OCC)=O)=C(C(OCC)=O)C3C2","",-2.358256324151651,104.18947501009617,"CCOC(=O)C#CC(=O)OCC.CC1(C)CC=C(C=CC=O)C1>>CCOC(=O)C1=C(C(=O)OCC)C2CC(C)(C)CC2=CC1C=O","CCOC(=O)C#CC(=O)OCC.CC1(C)CC=C(C=CC=O)C1","CCOC(=O)C1=C(C(=O)OCC)C2CC(C)(C)CC2=CC1C=O",-2.358256324151651,104.18947501009617,"5f3ac7785ce6d30001721597","5f3e98f73dc67c0001c4743b","Aldehyde Dess-Martin oxidation","CCOC(=O)C1=C(C(=O)OCC)C2CC(C)(C)CC2=CC1CO.CC(=O)OI1(OC(C)=O)(OC(C)=O)OC(=O)c2ccccc21.ClCCl>>CC2(C)CC3=CC(C=O)C(C(OCC)=O)=C(C(OCC)=O)C3C2","CCOC(=O)C1=C(C(=O)OCC)C2CC(C)(C)CC2=CC1CO.CC(=O)OI1(OC(C)=O)(OC(C)=O)OC(=O)c2ccccc21.ClCCl",0.867,0.878,-6.889240050109498,-252.81735701392768,"5f3e995b3dc67c0001c47506","CCOC(=O)C1=C(C(=O)OCC)C2CC(C)(C)CC2=CC1CO.CC(=O)OI1(OC(C)=O)(OC(C)=O)OC(=O)c2ccccc21.ClCCl>>CCOC(=O)C1=C(C(=O)OCC)C2CC(C)(C)CC2=CC1C=O","CCOC(=O)C1=C(C(=O)OCC)C2CC(C)(C)CC2=CC1CO.CC(=O)OI1(OC(C)=O)(OC(C)=O)OC(=O)c2ccccc21.ClCCl",0.867,0.878,-6.889240050109498,-252.81735701392768,"5f3e99403dc67c0001c474f1","CC1(C)CC=C(/C=C/C=O)C1.CCOC(=O)C#CC(=O)OCC>>CCOC(=O)C1=C(C(=O)OCC)C(O)C(C2=CCC(C)(C)C2)=C1C(=O)OCC","CC1(C)CC=C(/C=C/C=O)C1.CCOC(=O)C#CC(=O)OCC","CCOC(=O)C1=C(C(=O)OCC)C(O)C(C2=CCC(C)(C)C2)=C1C(=O)OCC",0.06402539025221633,-2.740383397507662,171.3594000115385,"True","False"
"","robinson","O=C1CCCC1C(OCC)=O.C=CC(CC)=O.CC[O-].CCO>>O=C(OCC)C23C(CCC3)=C(C)C(CC2)=O","O=C1CCCC1C(OCC)=O.C=CC(CC)=O.CC[O-].CCO","O=C(OCC)C23C(CCC3)=C(C)C(CC2)=O","",-8.128847605386145,-39.189475010096174,"CCOC(=O)C1CCCC1=O.C=CC(=O)CC.CC[O-].CCO>>CCOC(=O)C12CCCC1=C(C)C(=O)CC2","CCOC(=O)C1CCCC1=O.C=CC(=O)CC.CC[O-].CCO","CCOC(=O)C12CCCC1=C(C)C(=O)CC2",-8.128847605386145,-39.189475010096174,"5f3ac7a65ce6d300017215a8","5f3fe07a3dc67c0001c50c05","Fischer-Speier esterification","CC1=C2CCCC2(C(=O)O)CCC1=O.CCO.O=S(=O)(O)O>>O=C(OCC)C23C(CCC3)=C(C)C(CC2)=O","CC1=C2CCCC2(C(=O)O)CCC1=O.CCO.O=S(=O)(O)O",0.982,0.967,-4.132519338407382,-29.01955000865391,"5f3fe0af3dc67c0001c50c42","CC1=C2CCCC2(C(=O)O)CCC1=O.CCO.O=S(=O)(O)O>>CCOC(=O)C12CCCC1=C(C)C(=O)CC2","CC1=C2CCCC2(C(=O)O)CCC1=O.CCO.O=S(=O)(O)O",0.982,0.967,-4.132519338407382,-29.01955000865391,"5f3fe0953dc67c0001c50c33","C=CC(=O)CC.CCO.CCOC(=O)C1CCCC1=O.CC[O-]>>CCOC(=O)C1(CCC(=O)CC)CCCC1=O","C=CC(=O)CC.CCO.CCOC(=O)C1CCCC1=O.CC[O-]","CCOC(=O)C1(CCC(=O)CC)CCCC1=O",0.3581356163045815,-8.144206406768653,-26.01955000865388,"True","False"
"","robinson","C=CC(C)=O.O=C(CCC1)C(C)C1=O.[OH-].O>>CC23C(CCCC3=O)=CC(CC2)=O","C=CC(C)=O.O=C(CCC1)C(C)C1=O.[OH-].O","CC23C(CCCC3=O)=CC(CC2)=O","",-16.367742243253215,52.83007499855768,"C=CC(C)=O.CC1C(=O)CCCC1=O.[OH-].O>>CC12CCC(=O)C=C1CCCC2=O","C=CC(C)=O.CC1C(=O)CCCC1=O.[OH-].O","CC12CCC(=O)C=C1CCCC2=O",-16.367742243253215,52.83007499855768,"5f3ac7a65ce6d300017215a8","5f3fe1673dc67c0001c50c88","Ketone dioxolane deprotection","CC12CCC(=O)C=C1CCCC21OCCO1.CC(C)=O.Cl>>CC23C(CCCC3=O)=CC(CC2)=O","CC12CCC(=O)C=C1CCCC21OCCO1.CC(C)=O.Cl",0.871,0.845,-8.682653488211795,-66.67970000576926,"5f3fe19d3dc67c0001c50cd8","CC12CCC(=O)C=C1CCCC21OCCO1.CC(C)=O.Cl>>CC12CCC(=O)C=C1CCCC2=O","CC12CCC(=O)C=C1CCCC21OCCO1.CC(C)=O.Cl",0.871,0.845,-8.682653488211795,-66.67970000576926,"5f3fe1843dc67c0001c50cc8","C=CC(C)=O.CC1C(=O)CCCC1=O.O.[OH-]>>CC(=O)CCC1(C)C(=O)CCCC1=O","C=CC(C)=O.CC1C(=O)CCCC1=O.O.[OH-]","CC(=O)CCC1(C)C(=O)CCCC1=O",0.6264354508487682,-16.79341965520444,6.660149997115369,"True","False"
"","robinson","C=CC(C)=O.CCCC(C1=CC=CC=C1)=O.[OH-].O>>O=C2CCC(CC)C(C3=CC=CC=C3)=C2","C=CC(C)=O.CCCC(C1=CC=CC=C1)=O.[OH-].O","O=C2CCC(CC)C(C3=CC=CC=C3)=C2","",-15.618152587337287,3.339850002884617,"C=CC(C)=O.CCCC(=O)c1ccccc1.[OH-].O>>CCC1CCC(=O)C=C1c1ccccc1","C=CC(C)=O.CCCC(=O)c1ccccc1.[OH-].O","CCC1CCC(=O)C=C1c1ccccc1",-15.618152587337287,3.339850002884617,"5f3ac7a65ce6d300017215a8","5f3fe1c33dc67c0001c50d19","Ketone dioxolane deprotection","CCC1CCC2(C=C1c1ccccc1)OCCO2.CC(C)=O.Cl.O>>O=C2CCC(CC)C(C3=CC=CC=C3)=C2","CCC1CCC2(C=C1c1ccccc1)OCCO2.CC(C)=O.Cl.O",0.952,0.957,-14.78923737030052,-44.339850002884646,"5f3fe1f83dc67c0001c50d55","CCC1CCC2(C=C1c1ccccc1)OCCO2.CC(C)=O.Cl.O>>CCC1CCC(=O)C=C1c1ccccc1","CCC1CCC2(C=C1c1ccccc1)OCCO2.CC(C)=O.Cl.O",0.952,0.957,-14.78923737030052,-44.339850002884646,"5f3fe1de3dc67c0001c50d45","C=CC(C)=O.CCCC(=O)c1ccccc1.O.[OH-]>>CCC(CCC(C)=O)C(=O)c1ccccc1","C=CC(C)=O.CCCC(=O)c1ccccc1.O.[OH-]","CCC(CCC(C)=O)C(=O)c1ccccc1",0.1972800870451356,-15.919384010757092,17.339850002884617,"True","False"
"","robinson","O=C1CCCCC1.CC(/C=C/C)=O.[OH-].O>>O=C2CC(C)C3C(CCCC3)=C2","O=C1CCCCC1.CC(/C=C/C)=O.[OH-].O","O=C2CC(C)C3C(CCCC3)=C2","",-15.704582558894078,37.67970000576925,"O=C1CCCCC1.CC=CC(C)=O.[OH-].O>>CC1CC(=O)C=C2CCCCC21","O=C1CCCCC1.CC=CC(C)=O.[OH-].O","CC1CC(=O)C=C2CCCCC21",-15.704582558894078,37.67970000576925,"5f3ac7a65ce6d300017215a8","5f3fe2a93dc67c0001c50dcc","Robinson annulation","C/C=C/C(C)=O.C1CCOC1.CC(C)(C)[O-].[K+].O=C1CCCCC1.CC(C)(C)[O-].[K+]>>O=C2CC(C)C3C(CCCC3)=C2","C/C=C/C(C)=O.C1CCOC1.CC(C)(C)[O-].[K+].O=C1CCCCC1.CC(C)(C)[O-].[K+]",0.274,0.397,-25.12317462549728,-35.83007499855768,"5f3fe2de3dc67c0001c50e1e","C/C=C/C(C)=O.C1CCOC1.CC(C)(C)[O-].[K+].O=C1CCCCC1.CC(C)(C)[O-].[K+]>>CC1CC(=O)C=C2CCCCC21","C/C=C/C(C)=O.C1CCOC1.CC(C)(C)[O-].[K+].O=C1CCCCC1.CC(C)(C)[O-].[K+]",0.274,0.397,-25.12317462549728,-35.83007499855768,"5f3fe2c53dc67c0001c50e0b","C/C=C/C(C)=O.O.O=C1CCCCC1.[OH-]>>CC1CC(=O)CC2(CCCCC2)O1","C/C=C/C(C)=O.O.O=C1CCCCC1.[OH-]","CC1CC(=O)CC2(CCCCC2)O1",0.13746945358133336,-15.427425439648701,53.84962500721157,"True","False"
"","robinson","O=C1C(C)CCC2=CC=CC=C21.C=CC(C)=O.[OH-].O>>CC34C(C(C=CC=C5)=C5CC4)=CC(CC3)=O","O=C1C(C)CCC2=CC=CC=C21.C=CC(C)=O.[OH-].O","CC34C(C(C=CC=C5)=C5CC4)=CC(CC3)=O","",-16.325280076125715,-1.6797000057692344,"CC1CCc2ccccc2C1=O.C=CC(C)=O.[OH-].O>>CC12CCC(=O)C=C1c1ccccc1CC2","CC1CCc2ccccc2C1=O.C=CC(C)=O.[OH-].O","CC12CCC(=O)C=C1c1ccccc1CC2",-16.325280076125715,-1.6797000057692344,"5f3ac7a65ce6d300017215a8","5f3fe3333dc67c0001c50e60","Unrecognized","CC(=O)CCC1(C)CCc2ccccc2C1=O.CO.C[O-].[Na+]>>CC34C(C(C=CC=C5)=C5CC4)=CC(CC3)=O","CC(=O)CCC1(C)CCc2ccccc2C1=O.CO.C[O-].[Na+]",0.792,0.912,-14.992037726994035,-32.339850002884646,"5f3fe3663dc67c0001c50e87","CC(=O)CCC1(C)CCc2ccccc2C1=O.CO.C[O-].[Na+]>>CC12CCC(=O)C=C1c1ccccc1CC2","CC(=O)CCC1(C)CCc2ccccc2C1=O.CO.C[O-].[Na+]",0.792,0.912,-14.992037726994035,-32.339850002884646,"5f3fe34e3dc67c0001c50e78","C=CC(C)=O.CC1CCc2ccccc2C1=O.O.[OH-]>>CC(=O)CCC1(C)CCc2ccccc2C1=O","C=CC(C)=O.CC1CCc2ccccc2C1=O.O.[OH-]","CC(=O)CCC1(C)CCc2ccccc2C1=O",0.7143563659643709,-16.44707434421543,12.320299994230766,"True","False"
"","robinson","CC(C=C)=O.CCCC(CC[CH2-])=O.[OH-].O>>O=C1C=C(CCC)C(CC)CC1","CC(C=C)=O.CCCC(CC[CH2-])=O.[OH-].O","O=C1C=C(CCC)C(CC)CC1","",-16.723709915782727,3.339850002884617,"C=CC(C)=O.[CH2-]CCC(=O)CCC.[OH-].O>>CCCC1=CC(=O)CCC1CC","C=CC(C)=O.[CH2-]CCC(=O)CCC.[OH-].O","CCCC1=CC(=O)CCC1CC",-16.723709915782727,3.339850002884617,"5f3ac7a65ce6d300017215a8","5f430b333dc67c0001c5994a","Alcohol elimination","CCCC1(O)CC(=O)CCC1CC.Cc1ccc(S(=O)(=O)O)cc1>>O=C1C=C(CCC)C(CC)CC1","CCCC1(O)CC(=O)CCC1CC.Cc1ccc(S(=O)(=O)O)cc1",0.956,0.923,-2.016267227453736,-155.20902501875003,"5f430b683dc67c0001c599a8","CCCC1(O)CC(=O)CCC1CC.Cc1ccc(S(=O)(=O)O)cc1>>CCCC1=CC(=O)CCC1CC","CCCC1(O)CC(=O)CCC1CC.Cc1ccc(S(=O)(=O)O)cc1",0.956,0.923,-2.016267227453736,-155.20902501875003,"5f430b4f3dc67c0001c59998","C=CC(C)=O.O.[CH2-]CCC(=O)CCC.[OH-]>>CCCC(O)(CCC)CCC(C)=O","C=CC(C)=O.O.[CH2-]CCC(=O)CCC.[OH-]","CCCC(O)(CCC)CCC(C)=O",0.29842059235272944,-17.23061228884565,-14.169925001442323,"True","False"
"","robinson","C=C1C=CC2(C)C(CC=CC2)C1.CCC(C=C)=O.[OH-].O>>CC34C(CC=CC4)C5CCC(C(C)=C5C=C3)=O","C=C1C=CC2(C)C(CC=CC2)C1.CCC(C=C)=O.[OH-].O","CC34C(CC=CC4)C5CCC(C(C)=C5C=C3)=O","",-17.445457223942746,20.339850002884646,"C=C1C=CC2(C)CC=CCC2C1.C=CC(=O)CC.[OH-].O>>CC1=C2C=CC3(C)CC=CCC3C2CCC1=O","C=C1C=CC2(C)CC=CCC2C1.C=CC(=O)CC.[OH-].O","CC1=C2C=CC3(C)CC=CCC3C2CCC1=O",-17.445457223942746,20.339850002884646,"5f3ac7a65ce6d300017215a8","5f3feda83dc67c0001c5123a","Ketone Collins oxidation","CC1=C2C=CC3(C)CC=CCC3C2CCC1O.ClCCl.O=[Cr](=O)([O-])Cl.c1cc[nH+]cc1>>CC34C(CC=CC4)C5CCC(C(C)=C5C=C3)=O","CC1=C2C=CC3(C)CC=CCC3C2CCC1O.ClCCl.O=[Cr](=O)([O-])Cl.c1cc[nH+]cc1",0.912,0.931,-13.68048579491297,-126.02666340901482,"5f3fedf43dc67c0001c512a4","CC1=C2C=CC3(C)CC=CCC3C2CCC1O.ClCCl.O=[Cr](=O)([O-])Cl.c1cc[nH+]cc1>>CC1=C2C=CC3(C)CC=CCC3C2CCC1=O","CC1=C2C=CC3(C)CC=CCC3C2CCC1O.ClCCl.O=[Cr](=O)([O-])Cl.c1cc[nH+]cc1",0.912,0.931,-13.68048579491297,-126.02666340901482,"5f3feddb3dc67c0001c5128d","C=C1C=CC2(C)CC=CCC2C1.C=CC(=O)CC.O.[OH-]>>CCC(=O)CCC1(C)C=CC2(C)CC=CCC2C1","C=C1C=CC2(C)CC=CCC2C1.C=CC(=O)CC.O.[OH-]","CCC(=O)CCC1(C)C=CC2(C)CC=CCC2C1",0.10691811431995944,-17.292822264406773,20.830074998557706,"True","False"
"","robinson","CC1C(CCC2=C1C=CC=C2OC)=O.CC(CC)=O.[OH-].O>>CC3(C4=C(CC5)C(OC)=CC=C4)C5=CC(CC3)=O","CC1C(CCC2=C1C=CC=C2OC)=O.CC(CC)=O.[OH-].O","CC3(C4=C(CC5)C(OC)=CC=C4)C5=CC(CC3)=O","",-15.819253237445231,0.49022499567306,"COc1cccc2c1CCC(=O)C2C.CCC(C)=O.[OH-].O>>COc1cccc2c1CCC1=CC(=O)CCC12C","COc1cccc2c1CCC(=O)C2C.CCC(C)=O.[OH-].O","COc1cccc2c1CCC1=CC(=O)CCC12C",-15.819253237445231,0.49022499567306,"5f3ac7a65ce6d300017215a8","5f3fed503dc67c0001c511bf","Hydroxy to methoxy","CC12CCC(=O)C=C1CCc1c(O)cccc12.CI.CN(C)C=O.O=C([O-])[O-].[K+].[K+]>>CC3(C4=C(CC5)C(OC)=CC=C4)C5=CC(CC3)=O","CC12CCC(=O)C=C1CCc1c(O)cccc12.CI.CN(C)C=O.O=C([O-])[O-].[K+].[K+]",0.983,0.883,-27.328108934241335,-73.09189723376087,"5f3fed913dc67c0001c51215","CC12CCC(=O)C=C1CCc1c(O)cccc12.CI.CN(C)C=O.O=C([O-])[O-].[K+].[K+]>>COc1cccc2c1CCC1=CC(=O)CCC12C","CC12CCC(=O)C=C1CCc1c(O)cccc12.CI.CN(C)C=O.O=C([O-])[O-].[K+].[K+]",0.983,0.883,-27.328108934241335,-73.09189723376087,"5f3fed773dc67c0001c51203","CCC(C)=O.COc1cccc2c1CCC(=O)C2C.O.[OH-]>>COc1cccc2c(C)c(O)ccc12","CCC(C)=O.COc1cccc2c1CCC(=O)C2C.O.[OH-]","COc1cccc2c(C)c(O)ccc12",0.09128360811916564,-17.123075485594406,-52.83007499855768,"True","False"
"6.4","cyclisation","O=C1CCC(CCC(OC)=O)=C1.CN.C[Al](C)C>>O=C2CCC(CC3=O)(CC3)N2C","O=C1CCC(CCC(OC)=O)=C1.CN.C[Al](C)C","O=C2CCC(CC3=O)(CC3)N2C","Me3Al catalyst",-6.427945138263968,50.9478623766648,"COC(=O)CCC1=CC(=O)CC1.CN.C[Al](C)C>>CN1C(=O)CCC12CCC(=O)C2","COC(=O)CCC1=CC(=O)CC1.CN.C[Al](C)C","CN1C(=O)CCC12CCC(=O)C2",-6.427945138263968,50.9478623766648,"5f3aca345ce6d3000172160b","5f3d73d93dc67c0001c350aa","Ketone Collins oxidation","CN1C(=O)CCC12CCC(O)C2.ClCCl.O=[Cr](=O)([O-])Cl.c1cc[nH+]cc1>>O=C2CCC(CC3=O)(CC3)N2C","CN1C(=O)CCC12CCC(O)C2.ClCCl.O=[Cr](=O)([O-])Cl.c1cc[nH+]cc1",0.992,0.978,-13.71876988034954,-126.02666340901482,"5f3d740e3dc67c0001c350e6","CN1C(=O)CCC12CCC(O)C2.ClCCl.O=[Cr](=O)([O-])Cl.c1cc[nH+]cc1>>CN1C(=O)CCC12CCC(=O)C2","CN1C(=O)CCC12CCC(O)C2.ClCCl.O=[Cr](=O)([O-])Cl.c1cc[nH+]cc1",0.992,0.978,-13.71876988034954,-126.02666340901482,"5f3d73f53dc67c0001c350d8","CN.COC(=O)CCC1=CC(=O)CC1.C[Al](C)C>>CNC(=O)CCC1=CC(=O)CC1","CN.COC(=O)CCC1=CC(=O)CC1.C[Al](C)C","CNC(=O)CCC1=CC(=O)CC1",0.9395178882725026,-7.718552678704082,-10.035843815994525,"True","False"
"7.2","cyclisation","FC(C=C(NC(OCC1=CC=CC=C1)=O)C=C2)=C2N3CCOCC3.CCCC[Li].O=C(OCC4CO4)CCC>>FC(C=C(N5C(OC(CO)C5)=O)C=C6)=C6N7CCOCC7","FC(C=C(NC(OCC1=CC=CC=C1)=O)C=C2)=C2N3CCOCC3.CCCC[Li].O=C(OCC4CO4)CCC","FC(C=C(N5C(OC(CO)C5)=O)C=C6)=C6N7CCOCC7","",-6.03452359918839,-122.45088131527336,"O=C(Nc1ccc(N2CCOCC2)c(F)c1)OCc1ccccc1.[Li]CCCC.CCCC(=O)OCC1CO1>>O=C1OC(CO)CN1c1ccc(N2CCOCC2)c(F)c1","O=C(Nc1ccc(N2CCOCC2)c(F)c1)OCc1ccccc1.[Li]CCCC.CCCC(=O)OCC1CO1","O=C1OC(CO)CN1c1ccc(N2CCOCC2)c(F)c1",-6.03452359918839,-122.45088131527336,"5f3aca345ce6d3000172160b","5f3d74643dc67c0001c3511d","O-Bn deprotection","O=C1OC(COCc2ccccc2)CN1c1ccc(N2CCOCC2)c(F)c1.[HH].[Pd]>>FC(C=C(N5C(OC(CO)C5)=O)C=C6)=C6N7CCOCC7","O=C1OC(COCc2ccccc2)CN1c1ccc(N2CCOCC2)c(F)c1.[HH].[Pd]",0.945,0.924,-16.183767379726902,-47.0947375050481,"5f3d74993dc67c0001c35166","O=C1OC(COCc2ccccc2)CN1c1ccc(N2CCOCC2)c(F)c1.[HH].[Pd]>>O=C1OC(CO)CN1c1ccc(N2CCOCC2)c(F)c1","O=C1OC(COCc2ccccc2)CN1c1ccc(N2CCOCC2)c(F)c1.[HH].[Pd]",0.945,0.924,-16.183767379726902,-47.0947375050481,"5f3d74803dc67c0001c35157","CCCC(=O)OCC1CO1.O=C(Nc1ccc(N2CCOCC2)c(F)c1)OCc1ccccc1.[Li]CCCC>>O=C1O[C@@H](CO)CN1c1ccc(N2CCOCC2)c(F)c1","CCCC(=O)OCC1CO1.O=C(Nc1ccc(N2CCOCC2)c(F)c1)OCc1ccccc1.[Li]CCCC","O=C1O[C@@H](CO)CN1c1ccc(N2CCOCC2)c(F)c1",0.48270241613097153,-6.03452359918839,-122.45088131527336,"True","False"
"7.8b","cyclisation","O=C(C(Br)C1=CC=CC=C1)/C=C/C2=CC=CC=C2.NC3=CC=CC=C3>>O=C4C(C5=CC=CC=C5)N(C6=CC=CC=C6)C(C7=CC=CC=C7)C4","O=C(C(Br)C1=CC=CC=C1)/C=C/C2=CC=CC=C2.NC3=CC=CC=C3","O=C4C(C5=CC=CC=C5)N(C6=CC=CC=C6)C(C7=CC=CC=C7)C4","",-0.9808556144805483,59.03240254697269,"O=C(C=Cc1ccccc1)C(Br)c1ccccc1.Nc1ccccc1>>O=C1CC(c2ccccc2)N(c2ccccc2)C1c1ccccc1","O=C(C=Cc1ccccc1)C(Br)c1ccccc1.Nc1ccccc1","O=C1CC(c2ccccc2)N(c2ccccc2)C1c1ccccc1",-0.9808556144805483,59.03240254697269,"5f3aca345ce6d3000172160b","5f3d74ef3dc67c0001c351b9","Unrecognized","CC(=O)/C=C/c1ccccc1.CCO.Nc1ccccc1.O=Cc1ccccc1.[Pd+2]>>O=C4C(C5=CC=CC=C5)N(C6=CC=CC=C6)C(C7=CC=CC=C7)C4","CC(=O)/C=C/c1ccccc1.CCO.Nc1ccccc1.O=Cc1ccccc1.[Pd+2]",0.000349,0.000371,-12.058697413157384,76.15688739541486,"5f3d75483dc67c0001c35264","CC(=O)/C=C/c1ccccc1.CCO.Nc1ccccc1.O=Cc1ccccc1.[Pd+2]>>O=C1CC(c2ccccc2)N(c2ccccc2)C1c1ccccc1","CC(=O)/C=C/c1ccccc1.CCO.Nc1ccccc1.O=Cc1ccccc1.[Pd+2]",0.000349,0.000371,-12.058697413157384,76.15688739541486,"5f3d752f3dc67c0001c35251","Nc1ccccc1.O=C(/C=C/c1ccccc1)C(Br)c1ccccc1>>O=C1CC(c2ccccc2)N(c2ccccc2)C1c1ccccc1","Nc1ccccc1.O=C(/C=C/c1ccccc1)C(Br)c1ccccc1","O=C1CC(c2ccccc2)N(c2ccccc2)C1c1ccccc1",0.1785676323056102,-0.9808556144805483,59.03240254697269,"True","False"
"","elimination","CC(C1CCCCC1)C(C)C2CCCCC2.[Na]N>>C3(C#CC4CCCCC4)CCCCC3","CC(C1CCCCC1)C(C)C2CCCCC2.[Na]N","C3(C#CC4CCCCC4)CCCCC3","",-7.223359145124622,-48.49348119698629,"CC(C1CCCCC1)C(C)C1CCCCC1.N[Na]>>C(#CC1CCCCC1)C1CCCCC1","CC(C1CCCCC1)C(C)C1CCCCC1.N[Na]","C(#CC1CCCCC1)C1CCCCC1",-7.223359145124622,-48.49348119698629,"5f3ac7515ce6d30001721587","5f3d791a3dc67c0001c35651","Wurtz-type coupling","BrC1CCCCC1.C#CC1CCCCC1>>C3(C#CC4CCCCC4)CCCCC3","BrC1CCCCC1.C#CC1CCCCC1",0.927,0.931,-2.559546135289093,-26.539522347720983,"5f3d794f3dc67c0001c35719","BrC1CCCCC1.C#CC1CCCCC1>>C(#CC1CCCCC1)C1CCCCC1","BrC1CCCCC1.C#CC1CCCCC1",0.927,0.931,-2.559546135289093,-26.539522347720983,"5f3d79373dc67c0001c356be","CC(C1CCCCC1)C(C)C1CCCCC1.N[Na]>>CC(C1CCCCC1)C(C)C1CCCCC1","CC(C1CCCCC1)C(C)C1CCCCC1.N[Na]","CC(C1CCCCC1)C(C)C1CCCCC1",0.9982477299530672,-6.8486602266417,-4.6438561897747235,"True","False"
"","elimination","ClCC(C)CCOC1OCCCC1.C23=NCCCN2CCCCC3>>C=C(C)CCOC4OCCCC4","ClCC(C)CCOC1OCCCC1.C23=NCCCN2CCCCC3","C=C(C)CCOC4OCCCC4","",-2.8676123973488012,-153.19339080452733,"CC(CCl)CCOC1CCCCO1.C1CCC2=NCCCN2CC1>>C=C(C)CCOC1CCCCO1","CC(CCl)CCOC1CCCCO1.C1CCC2=NCCCN2CC1","C=C(C)CCOC1CCCCO1",-2.8676123973488012,-153.19339080452733,"5f3ac7515ce6d30001721587","5f3d79a63dc67c0001c3585d","Alkene ether synthesis","C1=COCCC1.C=C(C)CCO.ClCCl>>C=C(C)CCOC4OCCCC4","C1=COCCC1.C=C(C)CCO.ClCCl",0.934,0.975,-6.135492326409523,25.064990161654023,"5f3d79dc3dc67c0001c358cf","C1=COCCC1.C=C(C)CCO.ClCCl>>C=C(C)CCOC1CCCCO1","C1=COCCC1.C=C(C)CCO.ClCCl",0.934,0.975,-6.135492326409523,25.064990161654023,"5f3d79c43dc67c0001c358bf","C1CCC2=NCCCN2CC1.CC(CCl)CCOC1CCCCO1>>C=C(C)CCOC1CCCCO1","C1CCC2=NCCCN2CC1.CC(CCl)CCOC1CCCCO1","C=C(C)CCOC1CCCCO1",0.23933817762685744,-2.8676123973488012,-153.19339080452733,"True","False"
"","elimination","BrCC1CCCCC1.C23=NCCCN2CCCCC3>>C=C4CCCCC4","BrCC1CCCCC1.C23=NCCCN2CCCCC3","C=C4CCCCC4","",-2.201685046643254,-142.8535408016427,"BrCC1CCCCC1.C1CCC2=NCCCN2CC1>>C=C1CCCCC1","BrCC1CCCCC1.C1CCC2=NCCCN2CC1","C=C1CCCCC1",-2.201685046643254,-142.8535408016427,"5f3ac7515ce6d30001721587","5f3d7a333dc67c0001c35936","Unrecognized","O=C1CCCCC1>>C=C4CCCCC4","O=C1CCCCC1",0.0229,0.025,0.520331538461539,-12.169925001442309,"5f3d7a5d3dc67c0001c3597d","O=C1CCCCC1>>C=C1CCCCC1","O=C1CCCCC1",0.0229,0.025,0.520331538461539,-12.169925001442309,"5f3d7a443dc67c0001c3596d","BrCC1CCCCC1.C1CCC2=NCCCN2CC1>>[Br-].c1ccc2c(c1)CCCN2CC1CCCCC1","BrCC1CCCCC1.C1CCC2=NCCCN2CC1","[Br-].c1ccc2c(c1)CCCN2CC1CCCCC1",0.06431871769740702,5.6669392189803585,-22.562572220780055,"True","True"
"","elimination","[H][C@@]12[C@](OC([C@]2(C)Br)=O)([H])CCCC1.C[O-]>>[H][C@]34[C@@](OC(C4=C)=O)([H])CCCC3","[H][C@@]12[C@](OC([C@]2(C)Br)=O)([H])CCCC1.C[O-]","[H][C@]34[C@@](OC(C4=C)=O)([H])CCCC3","",-4.364008978326128,-65.78463484555752,"CC1(Br)C(=O)OC2CCCCC21.C[O-]>>C=C1C(=O)OC2CCCCC12","CC1(Br)C(=O)OC2CCCCC21.C[O-]","C=C1C(=O)OC2CCCCC12",-4.364008978326128,-65.78463484555752,"5f3ac7515ce6d30001721587","5f3d7aa73dc67c0001c359ba","Aldol condensation","O=C1C[C@H]2CCCC[C@H]2O1.C1CCNCC1.C=O.CC(=O)O>>[H][C@]34[C@@](OC(C4=C)=O)([H])CCCC3","O=C1C[C@H]2CCCC[C@H]2O1.C1CCNCC1.C=O.CC(=O)O",0.469,0.432,-7.392595532530524,-70.15363119410168,"5f3d7ad03dc67c0001c359e8","O=C1CC2CCCCC2O1.C1CCNCC1.C=O.CC(=O)O>>C=C1C(=O)OC2CCCCC12","O=C1CC2CCCCC2O1.C1CCNCC1.C=O.CC(=O)O",0.77,0.8,-7.392595532530524,-70.15363119410168,"5f3d7ab73dc67c0001c359d7","C[C@]1(Br)C(=O)O[C@H]2CCCC[C@@H]21.C[O-]>>CO[C@@]1(C)C(=O)O[C@H]2CCCC[C@@H]21","C[C@]1(Br)C(=O)O[C@H]2CCCC[C@@H]21.C[O-]","CO[C@@]1(C)C(=O)O[C@H]2CCCC[C@@H]21",0.3357648025506242,-3.9631498002784724,3.555215157327069,"False","False"
"1.1","substitution","BrC1=C(O)C=CC=C1.O=C(CBr)C2=CC=CC=C2.[Na+].[OH-]>>BrC3=C(OCC(C4=CC=CC=C4)=O)C=CC=C3","BrC1=C(O)C=CC=C1.O=C(CBr)C2=CC=CC=C2.[Na+].[OH-]","BrC3=C(OCC(C4=CC=CC=C4)=O)C=CC=C3","specifies general base",-18.753394217303445,3.5552151573271544,"Oc1ccccc1Br.O=C(CBr)c1ccccc1.[Na+].[OH-]>>O=C(COc1ccccc1Br)c1ccccc1","Oc1ccccc1Br.O=C(CBr)c1ccccc1.[Na+].[OH-]","O=C(COc1ccccc1Br)c1ccccc1",-18.753394217303445,3.5552151573271544,"5f3ac7475ce6d30001721584","5f3d7bc83dc67c0001c35a41","Williamson ether synthesis","CC(C)=O.O=C(CBr)c1ccccc1.O=C([O-])[O-].[Cs+].[Cs+].Oc1ccccc1Br.O=C([O-])[O-].[Cs+].[Cs+]>>BrC3=C(OCC(C4=CC=CC=C4)=O)C=CC=C3","CC(C)=O.O=C(CBr)c1ccccc1.O=C([O-])[O-].[Cs+].[Cs+].Oc1ccccc1Br.O=C([O-])[O-].[Cs+].[Cs+]",0.95,0.945,-40.32806039941621,-78.29440984988443,"5f3d7bfe3dc67c0001c35ad5","CC(C)=O.O=C(CBr)c1ccccc1.O=C([O-])[O-].[Cs+].[Cs+].Oc1ccccc1Br.O=C([O-])[O-].[Cs+].[Cs+]>>O=C(COc1ccccc1Br)c1ccccc1","CC(C)=O.O=C(CBr)c1ccccc1.O=C([O-])[O-].[Cs+].[Cs+].Oc1ccccc1Br.O=C([O-])[O-].[Cs+].[Cs+]",0.95,0.945,-40.32806039941621,-78.29440984988443,"5f3d7be53dc67c0001c35aba","O=C(CBr)c1ccccc1.Oc1ccccc1Br.[Na+].[OH-]>>O=C(COc1ccccc1Br)c1ccccc1","O=C(CBr)c1ccccc1.Oc1ccccc1Br.[Na+].[OH-]","O=C(COc1ccccc1Br)c1ccccc1",0.8936278564193716,-18.753394217303445,3.5552151573271544,"True","False"
"6.7b","substitution","O=C(CCNCCCC)OCC.ClCC(OCC)=O>>CCCCN(CCC(OCC)=O)CC(OCC)=O","O=C(CCNCCCC)OCC.ClCC(OCC)=O","CCCCN(CCC(OCC)=O)CC(OCC)=O","",-1.8210983447457654,4.5389213499864525,"CCCCNCCC(=O)OCC.CCOC(=O)CCl>>CCCCN(CCC(=O)OCC)CC(=O)OCC","CCCCNCCC(=O)OCC.CCOC(=O)CCl","CCCCN(CCC(=O)OCC)CC(=O)OCC",-1.8210983447457654,4.5389213499864525,"5f3ac7475ce6d30001721584","5f3d7c553dc67c0001c35b6d","Unrecognized","C=CC(=O)OCC.CCCCNCC(=O)OCC.CCO>>CCCCN(CCC(OCC)=O)CC(OCC)=O","C=CC(=O)OCC.CCCCNCC(=O)OCC.CCO",0.957,1.04,-3.841099193235177,-1.186218808782968,"5f3d7c8b3dc67c0001c35bd4","C=CC(=O)OCC.CCCCNCC(=O)OCC.CCO>>CCCCN(CCC(=O)OCC)CC(=O)OCC","C=CC(=O)OCC.CCCCNCC(=O)OCC.CCO",0.957,1.04,-3.841099193235177,-1.186218808782968,"5f3d7c723dc67c0001c35bc5","CCCCNCCC(=O)OCC.CCOC(=O)CCl>>CCCCN(CCC(=O)OCC)CC(=O)OCC","CCCCNCCC(=O)OCC.CCOC(=O)CCl","CCCCN(CCC(=O)OCC)CC(=O)OCC",0.8837020752878961,-1.8210983447457654,4.5389213499864525,"True","False"
"7.8a","substitution","O=C(CC1=CC=CC=C1)/C=C/C2=CC=CC=C2.O=C(N3Br)CCC3=O>>O=C(C(Br)C4=CC=CC=C4)/C=C/C5=CC=CC=C5","O=C(CC1=CC=CC=C1)/C=C/C2=CC=CC=C2.O=C(N3Br)CCC3=O","O=C(C(Br)C4=CC=CC=C4)/C=C/C5=CC=CC=C5","",-2.3789512149060785,-24.421793564997245,"O=C(C=Cc1ccccc1)Cc1ccccc1.O=C1CCC(=O)N1Br>>O=C(C=Cc1ccccc1)C(Br)c1ccccc1","O=C(C=Cc1ccccc1)Cc1ccccc1.O=C1CCC(=O)N1Br","O=C(C=Cc1ccccc1)C(Br)c1ccccc1",-2.3789512149060785,-24.421793564997245,"5f3ac7475ce6d30001721584","5f3d7ce23dc67c0001c35c36","Bromination","O=C(/C=C/c1ccccc1)Cc1ccccc1.BrBr.ClC(Cl)Cl>>O=C(C(Br)C4=CC=CC=C4)/C=C/C5=CC=CC=C5","O=C(/C=C/c1ccccc1)Cc1ccccc1.BrBr.ClC(Cl)Cl",0.00992,0.00849,-6.715480553305236,35.40484016453868,"5f3d7d173dc67c0001c35c87","CC(=O)C(Br)c1ccccc1.CCO.O=Cc1ccccc1.[Na+].[OH-].[Na+].[OH-]>>O=C(C=Cc1ccccc1)C(Br)c1ccccc1","CC(=O)C(Br)c1ccccc1.CCO.O=Cc1ccccc1.[Na+].[OH-].[Na+].[OH-]",0.025,0.0249,-37.361821380853314,-28.339850002884646,"5f3d7cfe3dc67c0001c35c75","O=C(/C=C/c1ccccc1)Cc1ccccc1.O=C1CCC(=O)N1Br>>O=C(Cc1ccccc1)C(Br)C(Br)c1ccccc1","O=C(/C=C/c1ccccc1)Cc1ccccc1.O=C1CCC(=O)N1Br","O=C(Cc1ccccc1)C(Br)C(Br)c1ccccc1",0.4031604881267974,-2.093078912645491,15.872616284887215,"False","False"
"","substitution","CCC(Cl)CC.CC([O-])=O>>CCC(OC(C)=O)CC","CCC(Cl)CC.CC([O-])=O","CCC(OC(C)=O)CC","",-3.6469604035820984,3.5552151573270976,"CCC(Cl)CC.CC(=O)[O-]>>CCC(CC)OC(C)=O","CCC(Cl)CC.CC(=O)[O-]","CCC(CC)OC(C)=O",-3.6469604035820984,3.5552151573270976,"5f3ac7475ce6d30001721584","5f3d7d613dc67c0001c35cc5","Ester Schotten-Baumann","CC(=O)Cl.CCC(O)CC.CCN(CC)CC>>CCC(OC(C)=O)CC","CC(=O)Cl.CCC(O)CC.CCN(CC)CC",0.996,1.07,-4.289077836260024,-37.258566033889934,"5f3d7d963dc67c0001c35d1b","CC(=O)Cl.CCC(O)CC.CCN(CC)CC>>CCC(CC)OC(C)=O","CC(=O)Cl.CCC(O)CC.CCN(CC)CC",0.996,1.07,-4.289077836260024,-37.258566033889934,"5f3d7d7e3dc67c0001c35d0d","CC(=O)[O-].CCC(Cl)CC>>CCC(CC)OC(C)=O","CC(=O)[O-].CCC(Cl)CC","CCC(CC)OC(C)=O",0.8757561963040263,-3.6469604035820984,3.5552151573270976,"True","False"
"","substitution","CCCCCI.[C-]#N.[Na+]>>CCCCCC#N","CCCCCI.[C-]#N.[Na+]","CCCCCC#N","",-14.029041989313443,-2.7846348455575196,"CCCCCI.[C-]#N.[Na+]>>CCCCCC#N","CCCCCI.[C-]#N.[Na+]","CCCCCC#N",-14.029041989313443,-2.7846348455575196,"5f3ac7475ce6d30001721584","5f3d7ded3dc67c0001c35d6b","Carbamoyl to cyano","CCCCCC(N)=O.O=P(Cl)(Cl)Cl>>CCCCCC#N","CCCCCC(N)=O.O=P(Cl)(Cl)Cl",0.986,0.888,-3.309474132441265,-67.45512690626347,"5f3d7e233dc67c0001c35dcf","CCCCCC(N)=O.O=P(Cl)(Cl)Cl>>CCCCCC#N","CCCCCC(N)=O.O=P(Cl)(Cl)Cl",0.986,0.888,-3.309474132441265,-67.45512690626347,"5f3d7e0a3dc67c0001c35dbe","CCCCCI.[C-]#N.[Na+]>>CCCCCC#N","CCCCCI.[C-]#N.[Na+]","CCCCCC#N",0.9950949245906038,-14.029041989313443,-2.7846348455575196,"True","False"
"","substitution","CCC1(I)CCCCC1.O>>CCC2(O)CCCCC2","CCC1(I)CCCCC1.O","CCC2(O)CCCCC2","",-6.880254153846154,-0.4447848426729024,"CCC1(I)CCCCC1.O>>CCC1(O)CCCCC1","CCC1(I)CCCCC1.O","CCC1(O)CCCCC1",-6.880254153846154,-0.4447848426729024,"5f3ac7475ce6d30001721584","5f3d7e7a3dc67c0001c35e2a","Unrecognized","O=C1CCCCC1.[Li]CC>>CCC2(O)CCCCC2","O=C1CCCCC1.[Li]CC",1.,1.12,-4.772740617933505,0.,"5f3d7eb13dc67c0001c35e83","O=C1CCCCC1.[Li]CC>>CCC1(O)CCCCC1","O=C1CCCCC1.[Li]CC",1.,1.12,-4.772740617933505,0.,"5f3d7e993dc67c0001c35e72","CCC1(I)CCCCC1.O>>CCC1(O)CCCCC1","CCC1(I)CCCCC1.O","CCC1(O)CCCCC1",0.9961051693025355,-6.880254153846154,-0.4447848426729024,"True","False"
"","substitution","ClC1(C)CCCC1.CCO>>CC2(OCC)CCCC2","ClC1(C)CCCC1.CCO","CC2(OCC)CCCC2","",-2.1604358406055706,3.5552151573270976,"CC1(Cl)CCCC1.CCO>>CCOC1(C)CCCC1","CC1(Cl)CCCC1.CCO","CCOC1(C)CCCC1",-2.1604358406055706,3.5552151573270976,"5f3ac7475ce6d30001721584","5f3d7f073dc67c0001c35ed4","Williamson ether synthesis","CC1(O)CCCC1.CCI.[K]>>CC2(OCC)CCCC2","CC1(O)CCCC1.CCI.[K]",1.,1.09,-9.80883047238538,3.5552151573270976,"5f3d7f3d3dc67c0001c35f37","CC1(O)CCCC1.CCI.[K]>>CCOC1(C)CCCC1","CC1(O)CCCC1.CCI.[K]",1.,1.09,-9.80883047238538,3.5552151573270976,"5f3d7f243dc67c0001c35f29","CC1(Cl)CCCC1.CCO>>CCOC1(C)CCCC1","CC1(Cl)CCCC1.CCO","CCOC1(C)CCCC1",0.6452188840275191,-2.1604358406055706,3.5552151573270976,"True","False"
"","substitution","CCCCl.CCSCC>>CCC[S+](CC)CC","CCCCl.CCSCC","CCC[S+](CC)CC","",-1.2001347298869005,3.895065160211729,"CCCCl.CCSCC>>CCC[S+](CC)CC","CCCCl.CCSCC","CCC[S+](CC)CC",-1.2001347298869005,3.895065160211729,"5f3ac7475ce6d30001721584","5f3d7f943dc67c0001c35f94","Unrecognized","CC[SH](CC)CC.CCCBr>>CCC[S+](CC)CC","CC[SH](CC)CC.CCCBr",0.218,0.221,-3.679631709270546,-4.27485984123058,"5f3d7fc83dc67c0001c35fe1","CC[SH](CC)CC.CCCBr>>CCC[S+](CC)CC","CC[SH](CC)CC.CCCBr",0.218,0.221,-3.679631709270546,-4.27485984123058,"5f3d7fb03dc67c0001c35fd0","CCCCl.CCSCC>>CCCSCC","CCCCl.CCSCC","CCCSCC",0.432401655790313,-2.672726797629945,1.5552151573271047,"True","False"
"","substitution","CC(C)[C@@H](C)CCBr.[Na]C#N>>CC([C@@H](C)CCC#N)C","CC(C)[C@@H](C)CCBr.[Na]C#N","CC([C@@H](C)CCC#N)C","",-5.8852050874768524,-19.61470984411521,"CC(C)C(C)CCBr.N#C[Na]>>CC(C)C(C)CCC#N","CC(C)C(C)CCBr.N#C[Na]","CC(C)C(C)CCC#N",-5.8852050874768524,-19.61470984411521,"5f3ac7475ce6d30001721584","5f3d801e3dc67c0001c36026","Mesyloxy Kolbe nitrile synthesis","CC(C)[C@@H](C)CCOS(C)(=O)=O.CS(C)=O.O.[C-]#N.[Na+]>>CC([C@@H](C)CCC#N)C","CC(C)[C@@H](C)CCOS(C)(=O)=O.CS(C)=O.O.[C-]#N.[Na+]",0.983,1.04,-22.623527248690966,-115.05865002596165,"5f3d80523dc67c0001c3605f","CC(C)C(C)CCC(N)=O.O=P(Cl)(Cl)Cl>>CC(C)C(C)CCC#N","CC(C)C(C)CCC(N)=O.O=P(Cl)(Cl)Cl",0.998,0.802,-3.25164315979852,-67.45512690626346,"5f3d80393dc67c0001c3604d","CC(C)[C@@H](C)CCBr.N#C[Na]>>CC(C)[C@@H](C)CCC#N","CC(C)[C@@H](C)CCBr.N#C[Na]","CC(C)[C@@H](C)CCC#N",0.9240060011167146,-5.8852050874768524,-19.61470984411521,"False","False"
"2.1a","friedelcrafts","COC1=CC=CC=C1.CC(Br)C.Cl[Al](Cl)Cl>>CC(C)C2=CC=C(OC)C=C2","COC1=CC=CC=C1.CC(Br)C.Cl[Al](Cl)Cl","CC(C)C2=CC=C(OC)C=C2","",-7.270447679715652,-23.131512115336122,"COc1ccccc1.CC(C)Br.Cl[Al](Cl)Cl>>COc1ccc(C(C)C)cc1","COc1ccccc1.CC(C)Br.Cl[Al](Cl)Cl","COc1ccc(C(C)C)cc1",-7.270447679715652,-23.131512115336122,"5f3ac76e5ce6d30001721594","5f3d9c6d3dc67c0001c37359","Alkene hydrogenation","C=C(C)c1ccc(OC)cc1.[HH].[Pd]>>CC(C)C2=CC=C(OC)C=C2","C=C(C)c1ccc(OC)cc1.[HH].[Pd]",0.993,0.875,-16.568022311031115,-7.830074998557691,"5f3d9ca33dc67c0001c373c2","C=C(C)c1ccc(OC)cc1.[HH].[Pd]>>COc1ccc(C(C)C)cc1","C=C(C)c1ccc(OC)cc1.[HH].[Pd]",0.993,0.875,-16.568022311031115,-7.830074998557691,"5f3d9c8a3dc67c0001c373b6","CC(C)Br.COc1ccccc1.Cl[Al](Cl)Cl>>COc1ccc(C(C)C)cc1","CC(C)Br.COc1ccccc1.Cl[Al](Cl)Cl","COc1ccc(C(C)C)cc1",0.8262417267736081,-7.270447679715652,-23.131512115336122,"True","False"
"","friedelcrafts","ClC1CCCC1.C2=CC=CC=C2.[Al+3].[Cl-].[Cl-].[Cl-]>>C3(C4CCCC4)=CC=CC=C3","ClC1CCCC1.C2=CC=CC=C2.[Al+3].[Cl-].[Cl-].[Cl-]","C3(C4CCCC4)=CC=CC=C3","",-35.00459112286921,2.385290155884796,"ClC1CCCC1.c1ccccc1.[Al+3].[Cl-].[Cl-].[Cl-]>>c1ccc(C2CCCC2)cc1","ClC1CCCC1.c1ccccc1.[Al+3].[Cl-].[Cl-].[Cl-]","c1ccc(C2CCCC2)cc1",-35.00459112286921,2.385290155884796,"5f3ac76e5ce6d30001721594","5f3d9cf93dc67c0001c37422","Alkene hydrogenation","C1=C(c2ccccc2)CCC1.[HH].[Pd]>>C3(C4CCCC4)=CC=CC=C3","C1=C(c2ccccc2)CCC1.[HH].[Pd]",0.996,0.899,-16.633613639702446,-18.,"5f3d9d2f3dc67c0001c37479","C1=C(c2ccccc2)CCC1.[HH].[Pd]>>c1ccc(C2CCCC2)cc1","C1=C(c2ccccc2)CCC1.[HH].[Pd]",0.996,0.899,-16.633613639702446,-18.,"5f3d9d163dc67c0001c3746b","ClC1CCCC1.[Al+3].[Cl-].[Cl-].[Cl-].c1ccccc1>>c1ccc(C2CCCC2)cc1","ClC1CCCC1.[Al+3].[Cl-].[Cl-].[Cl-].c1ccccc1","c1ccc(C2CCCC2)cc1",0.6023017992595892,-35.00459112286921,2.385290155884796,"True","False"
"","friedelcrafts","ClC1=CC=C(OC(C)=O)C=C1.CCCl.[Al+3].[Cl-].[Cl-].[Cl-]>>ClC2=CC(CC)=C(OC(C)=O)C=C2","ClC1=CC=C(OC(C)=O)C=C1.CCCl.[Al+3].[Cl-].[Cl-].[Cl-]","ClC2=CC(CC)=C(OC(C)=O)C=C2","",-35.02610323933542,23.555215157327098,"CC(=O)Oc1ccc(Cl)cc1.CCCl.[Al+3].[Cl-].[Cl-].[Cl-]>>CCc1cc(Cl)ccc1OC(C)=O","CC(=O)Oc1ccc(Cl)cc1.CCCl.[Al+3].[Cl-].[Cl-].[Cl-]","CCc1cc(Cl)ccc1OC(C)=O",-35.02610323933542,23.555215157327098,"5f3ac76e5ce6d30001721594","5f3d9d863dc67c0001c374ce","O-Ac protection","CC(=O)OC(C)=O.CCc1cc(Cl)ccc1O.O.c1ccncc1>>ClC2=CC(CC)=C(OC(C)=O)C=C2","CC(=O)OC(C)=O.CCc1cc(Cl)ccc1O.O.c1ccncc1",0.959,1.02,-9.461420230683995,-30.908518696265162,"5f3d9dbc3dc67c0001c3752c","CC(=O)OC(C)=O.CCc1cc(Cl)ccc1O.O.c1ccncc1>>CCc1cc(Cl)ccc1OC(C)=O","CC(=O)OC(C)=O.CCc1cc(Cl)ccc1O.O.c1ccncc1",0.959,1.02,-9.461420230683995,-30.908518696265162,"5f3d9da33dc67c0001c3751e","CC(=O)Oc1ccc(Cl)cc1.CCCl.[Al+3].[Cl-].[Cl-].[Cl-]>>CC(=O)c1cc(Cl)ccc1O","CC(=O)Oc1ccc(Cl)cc1.CCCl.[Al+3].[Cl-].[Cl-].[Cl-]","CC(=O)c1cc(Cl)ccc1O",0.7112155138883657,-35.11166853406255,6.385290155884789,"True","False"
"","friedelcrafts","ClC1=CC=CC=C1.ClC(CCC)=O.[Al+3].[Cl-].[Cl-].[Cl-]>>ClC2=CC=CC=C2C(CCC)=O","ClC1=CC=CC=C1.ClC(CCC)=O.[Al+3].[Cl-].[Cl-].[Cl-]","ClC2=CC=CC=C2C(CCC)=O","",-34.91562543046118,13.140177658048259,"Clc1ccccc1.CCCC(=O)Cl.[Al+3].[Cl-].[Cl-].[Cl-]>>CCCC(=O)c1ccccc1Cl","Clc1ccccc1.CCCC(=O)Cl.[Al+3].[Cl-].[Cl-].[Cl-]","CCCC(=O)c1ccccc1Cl",-34.91562543046118,13.140177658048259,"5f3ac76e5ce6d30001721594","5f3d9e133dc67c0001c3759f","Alcohol to ketone oxidation","CCCC(O)c1ccccc1Cl.ClCCl.O=[Mn]=O>>ClC2=CC=CC=C2C(CCC)=O","CCCC(O)c1ccccc1Cl.ClCCl.O=[Mn]=O",0.989,0.946,-9.989466798538976,-45.418894698326596,"5f3d9e473dc67c0001c37613","CCCC(O)c1ccccc1Cl.ClCCl.O=[Mn]=O>>CCCC(=O)c1ccccc1Cl","CCCC(O)c1ccccc1Cl.ClCCl.O=[Mn]=O",0.989,0.946,-9.989466798538976,-45.418894698326596,"5f3d9e2f3dc67c0001c37602","CCCC(=O)Cl.Clc1ccccc1.[Al+3].[Cl-].[Cl-].[Cl-]>>CCCC(=O)c1ccc(Cl)cc1","CCCC(=O)Cl.Clc1ccccc1.[Al+3].[Cl-].[Cl-].[Cl-]","CCCC(=O)c1ccc(Cl)cc1",0.9553147818048914,-35.02606319269895,-13.199672344836372,"True","False"
"","friedelcrafts","CC1=CC=C(Br)C=C1.CCCC(Cl)=O.[Al+3].[Cl-].[Cl-].[Cl-]>>CC2=CC=C(Br)C=C2C(CCC)=O","CC1=CC=C(Br)C=C1.CCCC(Cl)=O.[Al+3].[Cl-].[Cl-].[Cl-]","CC2=CC=C(Br)C=C2C(CCC)=O","",-34.885885482265024,13.555215157327112,"Cc1ccc(Br)cc1.CCCC(=O)Cl.[Al+3].[Cl-].[Cl-].[Cl-]>>CCCC(=O)c1cc(Br)ccc1C","Cc1ccc(Br)cc1.CCCC(=O)Cl.[Al+3].[Cl-].[Cl-].[Cl-]","CCCC(=O)c1cc(Br)ccc1C",-34.885885482265024,13.555215157327112,"5f3ac76e5ce6d30001721594","5f3d9e9f3dc67c0001c37699","Alcohol to ketone oxidation","CCCC(O)c1cc(Br)ccc1C.ClCCl.O=[Mn]=O>>CC2=CC=C(Br)C=C2C(CCC)=O","CCCC(O)c1cc(Br)ccc1C.ClCCl.O=[Mn]=O",0.993,0.965,-9.982257807529985,-45.418894698326596,"5f3d9ed33dc67c0001c376ef","CCCC(O)c1cc(Br)ccc1C.ClCCl.O=[Mn]=O>>CCCC(=O)c1cc(Br)ccc1C","CCCC(O)c1cc(Br)ccc1C.ClCCl.O=[Mn]=O",0.993,0.965,-9.982257807529985,-45.418894698326596,"5f3d9eba3dc67c0001c376d7","CCCC(=O)Cl.Cc1ccc(Br)cc1.[Al+3].[Cl-].[Cl-].[Cl-]>>CCCC(=O)c1cc(Br)ccc1C","CCCC(=O)Cl.Cc1ccc(Br)cc1.[Al+3].[Cl-].[Cl-].[Cl-]","CCCC(=O)c1cc(Br)ccc1C",0.893091964536627,-34.885885482265024,13.555215157327112,"True","False"
"","friedelcrafts","CCOC1=CC=CC=C1.CCl.[Al+3].[Cl-].[Cl-].[Cl-]>>CCOC2=CC=C(C)C=C2","CCOC1=CC=CC=C1.CCl.[Al+3].[Cl-].[Cl-].[Cl-]","CCOC2=CC=C(C)C=C2","",-35.96170907162913,-3.199672344836358,"CCOc1ccccc1.CCl.[Al+3].[Cl-].[Cl-].[Cl-]>>CCOc1ccc(C)cc1","CCOc1ccccc1.CCl.[Al+3].[Cl-].[Cl-].[Cl-]","CCOc1ccc(C)cc1",-35.96170907162913,-3.199672344836358,"5f3ac76e5ce6d30001721594","5f3d9f2a3dc67c0001c37735","Williamson ether synthesis","CC(C)=O.CCI.Cc1ccc(O)cc1.O=C([O-])[O-].[Cs+].[Cs+].O=C([O-])[O-].[Cs+].[Cs+]>>CCOC2=CC=C(C)C=C2","CC(C)=O.CCI.Cc1ccc(O)cc1.O=C([O-])[O-].[Cs+].[Cs+].O=C([O-])[O-].[Cs+].[Cs+]",0.974,1.,-41.58897602722861,-78.29440984988445,"5f3d9f603dc67c0001c377ae","CC(C)=O.CCI.Cc1ccc(O)cc1.O=C([O-])[O-].[Cs+].[Cs+].O=C([O-])[O-].[Cs+].[Cs+]>>CCOc1ccc(C)cc1","CC(C)=O.CCI.Cc1ccc(O)cc1.O=C([O-])[O-].[Cs+].[Cs+].O=C([O-])[O-].[Cs+].[Cs+]",0.974,1.,-41.58897602722861,-78.29440984988445,"5f3d9f473dc67c0001c3779f","CCOc1ccccc1.CCl.[Al+3].[Cl-].[Cl-].[Cl-]>>CCOc1ccc(C(C)=O)cc1","CCOc1ccccc1.CCl.[Al+3].[Cl-].[Cl-].[Cl-]","CCOc1ccc(C(C)=O)cc1",0.13512674469839342,-35.793541921851855,27.97025265660595,"True","False"
"","friedelcrafts","CC(NC1=CC=CC=C1)=O.ClC(CC)=O.[Al+3].[Cl-].[Cl-].[Cl-]>>CC(NC2=C(C(CC)=O)C=CC=C2)=O","CC(NC1=CC=CC=C1)=O.ClC(CC)=O.[Al+3].[Cl-].[Cl-].[Cl-]","CC(NC2=C(C(CC)=O)C=CC=C2)=O","",-34.84749628365148,13.140177658048259,"CC(=O)Nc1ccccc1.CCC(=O)Cl.[Al+3].[Cl-].[Cl-].[Cl-]>>CCC(=O)c1ccccc1NC(C)=O","CC(=O)Nc1ccccc1.CCC(=O)Cl.[Al+3].[Cl-].[Cl-].[Cl-]","CCC(=O)c1ccccc1NC(C)=O",-34.84749628365148,13.140177658048259,"5f3ac76e5ce6d30001721594","5f3d9fb63dc67c0001c3782f","Amide Schotten-Baumann","CC(=O)Cl.CCC(=O)c1ccccc1N.ClCCl.c1ccncc1>>CC(NC2=C(C(CC)=O)C=CC=C2)=O","CC(=O)Cl.CCC(=O)c1ccccc1N.ClCCl.c1ccncc1",0.96,1.01,-6.520970343508385,-41.49408219472082,"5f3d9fec3dc67c0001c378c6","CC(=O)Cl.CCC(=O)c1ccccc1N.ClCCl.c1ccncc1>>CCC(=O)c1ccccc1NC(C)=O","CC(=O)Cl.CCC(=O)c1ccccc1N.ClCCl.c1ccncc1",0.96,1.01,-6.520970343508385,-41.49408219472082,"5f3d9fd43dc67c0001c37891","CC(=O)Nc1ccccc1.CCC(=O)Cl.[Al+3].[Cl-].[Cl-].[Cl-]>>CCC(=O)c1ccc(NC(C)=O)cc1","CC(=O)Nc1ccccc1.CCC(=O)Cl.[Al+3].[Cl-].[Cl-].[Cl-]","CCC(=O)c1ccc(NC(C)=O)cc1",0.9304132947926034,-35.002839198631236,-13.199672344836358,"True","False"
"","friedelcrafts","ClC1=C(Cl)C=C(C(CCC(Cl)=O)C2=CC=CC=C2)C=C1.[Al+3].[Cl-].[Cl-].[Cl-]>>ClC3=C(Cl)C=C(C4CCC(C5=C4C=CC=C5)=O)C=C3","ClC1=C(Cl)C=C(C(CCC(Cl)=O)C2=CC=CC=C2)C=C1.[Al+3].[Cl-].[Cl-].[Cl-]","ClC3=C(Cl)C=C(C4CCC(C5=C4C=CC=C5)=O)C=C3","",-33.00786319887969,-2.029747343394064,"O=C(Cl)CCC(c1ccccc1)c1ccc(Cl)c(Cl)c1.[Al+3].[Cl-].[Cl-].[Cl-]>>O=C1CCC(c2ccc(Cl)c(Cl)c2)c2ccccc21","O=C(Cl)CCC(c1ccccc1)c1ccc(Cl)c(Cl)c1.[Al+3].[Cl-].[Cl-].[Cl-]","O=C1CCC(c2ccc(Cl)c(Cl)c2)c2ccccc21",-33.00786319887969,-2.029747343394064,"5f3ac76e5ce6d30001721594","5f3da0433dc67c0001c379af","Alkene hydrogenation","O=C1C=CC(c2ccc(Cl)c(Cl)c2)c2ccccc21.[HH].[Pd]>>ClC3=C(Cl)C=C(C4CCC(C5=C4C=CC=C5)=O)C=C3","O=C1C=CC(c2ccc(Cl)c(Cl)c2)c2ccccc21.[HH].[Pd]",0.708,0.641,-16.512891028979833,-2.339850002884617,"5f3da0793dc67c0001c37a0d","O=C1C=CC(c2ccc(Cl)c(Cl)c2)c2ccccc21.[HH].[Pd]>>O=C1CCC(c2ccc(Cl)c(Cl)c2)c2ccccc21","O=C1C=CC(c2ccc(Cl)c(Cl)c2)c2ccccc21.[HH].[Pd]",0.708,0.641,-16.512891028979833,-2.339850002884617,"5f3da0603dc67c0001c379fb","O=C(Cl)CCC(c1ccccc1)c1ccc(Cl)c(Cl)c1.[Al+3].[Cl-].[Cl-].[Cl-]>>O=C1CCC(c2ccc(Cl)c(Cl)c2)c2ccccc21","O=C(Cl)CCC(c1ccccc1)c1ccc(Cl)c(Cl)c1.[Al+3].[Cl-].[Cl-].[Cl-]","O=C1CCC(c2ccc(Cl)c(Cl)c2)c2ccccc21",0.7980218379129413,-33.00786319887969,-2.029747343394064,"True","False"
"","friedelcrafts","CCC(Cl)=O.C1=CC=CC=C1.[Al+3].[Cl-].[Cl-].[Cl-]>>O=C(CC)C2=CC=CC=C2","CCC(Cl)=O.C1=CC=CC=C1.[Al+3].[Cl-].[Cl-].[Cl-]","O=C(CC)C2=CC=CC=C2","",-35.09590707757733,-2.444784842672888,"CCC(=O)Cl.c1ccccc1.[Al+3].[Cl-].[Cl-].[Cl-]>>CCC(=O)c1ccccc1","CCC(=O)Cl.c1ccccc1.[Al+3].[Cl-].[Cl-].[Cl-]","CCC(=O)c1ccccc1",-35.09590707757733,-2.444784842672888,"5f3ac76e5ce6d30001721594","5f3da0d03dc67c0001c37a68","Ketone Jones oxidation","CCC(O)c1ccccc1.O=S(=O)(O)O.O=[Cr](=O)([O-])O[Cr](=O)(=O)[O-].[Na+]>>O=C(CC)C2=CC=CC=C2","CCC(O)c1ccccc1.O=S(=O)(O)O.O=[Cr](=O)([O-])O[Cr](=O)(=O)[O-].[Na+]",0.999,0.972,-17.27576693629956,-118.90827503317317,"5f3da1053dc67c0001c37aef","CCC(O)c1ccccc1.O=S(=O)(O)O.O=[Cr](=O)([O-])O[Cr](=O)(=O)[O-].[Na+]>>CCC(=O)c1ccccc1","CCC(O)c1ccccc1.O=S(=O)(O)O.O=[Cr](=O)([O-])O[Cr](=O)(=O)[O-].[Na+]",0.999,0.972,-17.27576693629956,-118.90827503317317,"5f3da0ed3dc67c0001c37adc","CCC(=O)Cl.[Al+3].[Cl-].[Cl-].[Cl-].c1ccccc1>>CCC(=O)c1ccccc1","CCC(=O)Cl.[Al+3].[Cl-].[Cl-].[Cl-].c1ccccc1","CCC(=O)c1ccccc1",0.982130467687631,-35.09590707757733,-2.444784842672888,"True","False"
"","friedelcrafts","CC(C)Cl.C1=CC=CC=C1.[Al+3].[Cl-].[Cl-].[Cl-]>>CC(C)C2=CC=CC=C2","CC(C)Cl.C1=CC=CC=C1.[Al+3].[Cl-].[Cl-].[Cl-]","CC(C)C2=CC=CC=C2","",-35.18681120310501,2.385290155884796,"CC(C)Cl.c1ccccc1.[Al+3].[Cl-].[Cl-].[Cl-]>>CC(C)c1ccccc1","CC(C)Cl.c1ccccc1.[Al+3].[Cl-].[Cl-].[Cl-]","CC(C)c1ccccc1",-35.18681120310501,2.385290155884796,"5f3ac76e5ce6d30001721594","5f3da15d3dc67c0001c37b70","Alkene hydrogenation","C=C(C)c1ccccc1.[H][H].[Pd]>>CC(C)C2=CC=CC=C2","C=C(C)c1ccccc1.[H][H].[Pd]",0.997,0.775,-16.05487905201945,-7.830074998557691,"5f3da1923dc67c0001c37bce","C=C(C)c1ccccc1.[H][H].[Pd]>>CC(C)c1ccccc1","C=C(C)c1ccccc1.[H][H].[Pd]",0.997,0.775,-16.05487905201945,-7.830074998557691,"5f3da1783dc67c0001c37bbf","CC(C)Cl.[Al+3].[Cl-].[Cl-].[Cl-].c1ccccc1>>CC(C)c1ccccc1","CC(C)Cl.[Al+3].[Cl-].[Cl-].[Cl-].c1ccccc1","CC(C)c1ccccc1",0.9479826172217725,-35.18681120310501,2.385290155884796,"True","False"
"","friedelcrafts","CC(C)(Cl)C.C1=CC=CC=C1.[Al+3].[Cl-].[Cl-].[Cl-]>>CC(C)(C)C2=CC=CC=C2","CC(C)(Cl)C.C1=CC=CC=C1.[Al+3].[Cl-].[Cl-].[Cl-]","CC(C)(C)C2=CC=CC=C2","",-34.871356205116456,1.5552151573271118,"CC(C)(C)Cl.c1ccccc1.[Al+3].[Cl-].[Cl-].[Cl-]>>CC(C)(C)c1ccccc1","CC(C)(C)Cl.c1ccccc1.[Al+3].[Cl-].[Cl-].[Cl-]","CC(C)(C)c1ccccc1",-34.871356205116456,1.5552151573271118,"5f3ac76e5ce6d30001721594","5f3da1dc3dc67c0001c37c1c","Unrecognized","C=C(C)C.c1ccccc1>>CC(C)(C)C2=CC=CC=C2","C=C(C)C.c1ccccc1",0.575,0.602,-2.09551778235657,13.169925001442316,"5f3da2103dc67c0001c37c7f","C=C(C)C.c1ccccc1>>CC(C)(C)c1ccccc1","C=C(C)C.c1ccccc1",0.575,0.602,-2.09551778235657,13.169925001442316,"5f3da1f73dc67c0001c37c4a","CC(C)(C)Cl.[Al+3].[Cl-].[Cl-].[Cl-].c1ccccc1>>CC(C)(C)c1ccccc1","CC(C)(C)Cl.[Al+3].[Cl-].[Cl-].[Cl-].c1ccccc1","CC(C)(C)c1ccccc1",0.960807801583231,-34.871356205116456,1.5552151573271118,"True","False"
"2.2a","nucleophilic aromatic substitution","CC(C1=C(Cl)C=CC=C1)=O.OC2=CC=C(Cl)C=C2Cl>>CC(C3=C(OC4=CC=C(Cl)C=C4Cl)C=CC=C3)=O","CC(C1=C(Cl)C=CC=C1)=O.OC2=CC=C(Cl)C=C2Cl","CC(C3=C(OC4=CC=C(Cl)C=C4Cl)C=CC=C3)=O","",-1.3030026145758224,3.555215157327126,"CC(=O)c1ccccc1Cl.Oc1ccc(Cl)cc1Cl>>CC(=O)c1ccccc1Oc1ccc(Cl)cc1Cl","CC(=O)c1ccccc1Cl.Oc1ccc(Cl)cc1Cl","CC(=O)c1ccccc1Oc1ccc(Cl)cc1Cl",-1.3030026145758224,3.555215157327126,"5f3ac7245ce6d30001721576","5f3da57b3dc67c0001c38125","Ullmann condensation","CC(=O)c1ccccc1F.CS(C)=O.O=C([O-])[O-].[K+].[K+].Oc1ccc(Cl)cc1Cl.[Cu]I.O=C([O-])[O-].[K+].[K+]>>CC(C3=C(OC4=CC=C(Cl)C=C4Cl)C=CC=C3)=O","CC(=O)c1ccccc1F.CS(C)=O.O=C([O-])[O-].[K+].[K+].Oc1ccc(Cl)cc1Cl.[Cu]I.O=C([O-])[O-].[K+].[K+]",0.951,0.966,-51.7575762113907,-104.33775793560119,"5f3da5b13dc67c0001c381a3","CC(=O)c1ccccc1F.CS(C)=O.O=C([O-])[O-].[K+].[K+].Oc1ccc(Cl)cc1Cl.[Cu]I.O=C([O-])[O-].[K+].[K+]>>CC(=O)c1ccccc1Oc1ccc(Cl)cc1Cl","CC(=O)c1ccccc1F.CS(C)=O.O=C([O-])[O-].[K+].[K+].Oc1ccc(Cl)cc1Cl.[Cu]I.O=C([O-])[O-].[K+].[K+]",0.951,0.966,-51.7575762113907,-104.33775793560119,"5f3da5983dc67c0001c38193","CC(=O)c1ccccc1Cl.Oc1ccc(Cl)cc1Cl>>CC(=O)c1ccccc1Oc1ccc(Cl)cc1Cl","CC(=O)c1ccccc1Cl.Oc1ccc(Cl)cc1Cl","CC(=O)c1ccccc1Oc1ccc(Cl)cc1Cl",0.6676022292797684,-1.3030026145758224,3.555215157327126,"True","False"
"2.2b","nucleophilic aromatic substitution","NC1=C(C(O)=O)C=CC=C1.ClC2=CC(Cl)=CC=C2C(O)=O>>ClC3=CC=C(C(O)=O)C(NC4=C(C(O)=O)C=CC=C4)=C3","NC1=C(C(O)=O)C=CC=C1.ClC2=CC(Cl)=CC=C2C(O)=O","ClC3=CC=C(C(O)=O)C(NC4=C(C(O)=O)C=CC=C4)=C3","",-1.2640816754456257,3.0291463456595125,"Nc1ccccc1C(=O)O.O=C(O)c1ccc(Cl)cc1Cl>>O=C(O)c1ccccc1Nc1cc(Cl)ccc1C(=O)O","Nc1ccccc1C(=O)O.O=C(O)c1ccc(Cl)cc1Cl","O=C(O)c1ccccc1Nc1cc(Cl)ccc1C(=O)O",-1.2640816754456257,3.0291463456595125,"5f3ac7245ce6d30001721576","5f3da6083dc67c0001c38218","Bromo N-arylation","Nc1ccccc1C(=O)O.O=C(O)c1ccc(Cl)cc1Br>>ClC3=CC=C(C(O)=O)C(NC4=C(C(O)=O)C=CC=C4)=C3","Nc1ccccc1C(=O)O.O=C(O)c1ccc(Cl)cc1Br",0.769,0.828,-1.5354567417586225,3.0291463456595125,"5f3da63f3dc67c0001c38256","Nc1ccccc1C(=O)O.O=C(O)c1ccc(Cl)cc1Br>>O=C(O)c1ccccc1Nc1cc(Cl)ccc1C(=O)O","Nc1ccccc1C(=O)O.O=C(O)c1ccc(Cl)cc1Br",0.769,0.828,-1.5354567417586225,3.0291463456595125,"5f3da6253dc67c0001c38247","Nc1ccccc1C(=O)O.O=C(O)c1ccc(Cl)cc1Cl>>O=c1oc(-c2ccc(Cl)cc2Cl)nc2ccccc12","Nc1ccccc1C(=O)O.O=C(O)c1ccc(Cl)cc1Cl","O=c1oc(-c2ccc(Cl)cc2Cl)nc2ccccc12",0.4537924443796135,-1.129420228944248,18.010012267031613,"True","False"
"4.3","nucleophilic aromatic substitution","CC1(CO)CCCCC1.ClC2=CC=C([N+]([O-])=O)C=C2>>CC3(COC4=CC=C([N+]([O-])=O)C=C4)CCCCC3","CC1(CO)CCCCC1.ClC2=CC=C([N+]([O-])=O)C=C2","CC3(COC4=CC=C([N+]([O-])=O)C=C4)CCCCC3","",-1.6962231847115685,3.5552151573270976,"CC1(CO)CCCCC1.O=[N+]([O-])c1ccc(Cl)cc1>>CC1(COc2ccc([N+](=O)[O-])cc2)CCCCC1","CC1(CO)CCCCC1.O=[N+]([O-])c1ccc(Cl)cc1","CC1(COc2ccc([N+](=O)[O-])cc2)CCCCC1",-1.6962231847115685,3.5552151573270976,"5f3ac7245ce6d30001721576","5f3da6943dc67c0001c3828e","SNAr ether synthesis","CC1(CO)CCCCC1.O=[N+]([O-])c1ccc(F)cc1.[NaH]>>CC3(COC4=CC=C([N+]([O-])=O)C=C4)CCCCC3","CC1(CO)CCCCC1.O=[N+]([O-])c1ccc(F)cc1.[NaH]",0.982,1.18,-10.18903729061448,3.5552151573270976,"5f3da6cb3dc67c0001c38332","CC1(CO)CCCCC1.O=[N+]([O-])c1ccc(F)cc1.[NaH]>>CC1(COc2ccc([N+](=O)[O-])cc2)CCCCC1","CC1(CO)CCCCC1.O=[N+]([O-])c1ccc(F)cc1.[NaH]",0.982,1.18,-10.18903729061448,3.5552151573270976,"5f3da6b23dc67c0001c3831c","CC1(CO)CCCCC1.O=[N+]([O-])c1ccc(Cl)cc1>>CC1(COc2ccc([N+](=O)[O-])cc2)CCCCC1","CC1(CO)CCCCC1.O=[N+]([O-])c1ccc(Cl)cc1","CC1(COc2ccc([N+](=O)[O-])cc2)CCCCC1",0.9094264624427154,-1.6962231847115685,3.5552151573270976,"True","False"
"","grignard","CC1=CC(C)=C([Mg]Br)C(C)=C1.O=C=O.O>>CC2=CC(C)=C(C(O)=O)C(C)=C2","CC1=CC(C)=C([Mg]Br)C(C)=C1.O=C=O.O","CC2=CC(C)=C(C(O)=O)C(C)=C2","",-11.03785776612128,-4.444784842672888,"Cc1cc(C)c([Mg]Br)c(C)c1.O=C=O.O>>Cc1cc(C)c(C(=O)O)c(C)c1","Cc1cc(C)c([Mg]Br)c(C)c1.O=C=O.O","Cc1cc(C)c(C(=O)O)c(C)c1",-11.03785776612128,-4.444784842672888,"5f3ac75a5ce6d3000172158a","5f3da77a3dc67c0001c3840e","Cyano to carboxy","Cc1cc(C)c(C#N)c(C)c1.O.O=S(=O)(O)O>>CC2=CC(C)=C(C(O)=O)C(C)=C2","Cc1cc(C)c(C#N)c(C)c1.O.O=S(=O)(O)O",0.986,0.934,-8.083659507652643,-20.493481196986295,"5f3da7af3dc67c0001c385b1","Cc1cc(C)c(C#N)c(C)c1.O.O=S(=O)(O)O>>Cc1cc(C)c(C(=O)O)c(C)c1","Cc1cc(C)c(C#N)c(C)c1.O.O=S(=O)(O)O",0.986,0.934,-8.083659507652643,-20.493481196986295,"5f3da7963dc67c0001c3859c","Cc1cc(C)c([Mg]Br)c(C)c1.O.O=C=O>>Cc1cc(C)c(C(=O)O)c(C)c1","Cc1cc(C)c([Mg]Br)c(C)c1.O.O=C=O","Cc1cc(C)c(C(=O)O)c(C)c1",0.9835617475768571,-11.037857766121281,-4.444784842672888,"True","False"
"","grignard","O=C(C1)C(CC2=C1C=CC=C2)=C.CC[Mg]Br.O>>C=C3CC4=CC=CC=C4CC3(CC)O","O=C(C1)C(CC2=C1C=CC=C2)=C.CC[Mg]Br.O","C=C3CC4=CC=CC=C4CC3(CC)O","",-10.78248839992426,14.385290155884803,"C=C1Cc2ccccc2CC1=O.CC[Mg]Br.O>>C=C1Cc2ccccc2CC1(O)CC","C=C1Cc2ccccc2CC1=O.CC[Mg]Br.O","C=C1Cc2ccccc2CC1(O)CC",-10.78248839992426,14.385290155884803,"5f3ac75a5ce6d3000172158a","5f3da8063dc67c0001c38610","Unrecognized","C=C1Cc2ccccc2CC1=O.C1CCOC1.[Li]CC>>C=C3CC4=CC=CC=C4CC3(CC)O","C=C1Cc2ccccc2CC1=O.C1CCOC1.[Li]CC",0.831,0.82,-6.410407697456547,6.830074998557677,"5f3da88d3dc67c0001c3868a","C=C1Cc2ccccc2CC1=O.C1CCOC1.[Li]CC>>C=C1Cc2ccccc2CC1(O)CC","C=C1Cc2ccccc2CC1=O.C1CCOC1.[Li]CC",0.831,0.82,-6.410407697456547,6.830074998557677,"5f3da8743dc67c0001c38679","C=C1Cc2ccccc2CC1=O.CC[Mg]Br.O>>C=C1Cc2ccccc2CC1(O)CC","C=C1Cc2ccccc2CC1=O.CC[Mg]Br.O","C=C1Cc2ccccc2CC1(O)CC",0.6092751507799192,-10.78248839992426,14.385290155884803,"True","False"
"","grignard","ClC(C1=CC=CC=C1)=O.Br[Mg]C2=CC=CC=C2.O>>OC(C3=CC=CC=C3)(C4=CC=CC=C4)C5=CC=CC=C5","ClC(C1=CC=CC=C1)=O.Br[Mg]C2=CC=CC=C2.O","OC(C3=CC=CC=C3)(C4=CC=CC=C4)C5=CC=CC=C5","",-9.653356000814858,-44.68205093570637,"O=C(Cl)c1ccccc1.Br[Mg]c1ccccc1.O>>OC(c1ccccc1)(c1ccccc1)c1ccccc1","O=C(Cl)c1ccccc1.Br[Mg]c1ccccc1.O","OC(c1ccccc1)(c1ccccc1)c1ccccc1",-9.653356000814858,-44.68205093570637,"5f3ac75a5ce6d3000172158a","5f3da8d73dc67c0001c386a8","Unrecognized","COC(=O)c1ccccc1.[Br-].[Mg+]c1ccccc1.[Br-].[Mg+]c1ccccc1>>OC(C3=CC=CC=C3)(C4=CC=CC=C4)C5=CC=CC=C5","COC(=O)c1ccccc1.[Br-].[Mg+]c1ccccc1.[Br-].[Mg+]c1ccccc1",0.949,0.963,-23.119784151386135,-65.71729375396636,"5f3da90e3dc67c0001c3872f","COC(=O)c1ccccc1.[Br-].[Mg+]c1ccccc1.[Br-].[Mg+]c1ccccc1>>OC(c1ccccc1)(c1ccccc1)c1ccccc1","COC(=O)c1ccccc1.[Br-].[Mg+]c1ccccc1.[Br-].[Mg+]c1ccccc1",0.949,0.963,-23.119784151386135,-65.71729375396636,"5f3da8f53dc67c0001c3871d","Br[Mg]c1ccccc1.O.O=C(Cl)c1ccccc1>>O=C(c1ccccc1)c1ccccc1","Br[Mg]c1ccccc1.O.O=C(Cl)c1ccccc1","O=C(c1ccccc1)c1ccccc1",0.963024129197306,-9.920527802097133,-62.81438218895157,"True","False"
"","grignard","C=C(CCC)C1=CC=CC=C1.C[Mg]Cl.O>>OC(C)(C)C2=CC=CC=C2","C=C(CCC)C1=CC=CC=C1.C[Mg]Cl.O","OC(C)(C)C2=CC=CC=C2","",-12.578649133153306,-19.444784842672888,"C=C(CCC)c1ccccc1.C[Mg]Cl.O>>CC(C)(O)c1ccccc1","C=C(CCC)c1ccccc1.C[Mg]Cl.O","CC(C)(O)c1ccccc1",-12.578649133153306,-19.444784842672888,"5f3ac75a5ce6d3000172158a","5f3da9643dc67c0001c38798","Unrecognized","CC(=O)c1ccccc1.[Li]C>>OC(C)(C)C2=CC=CC=C2","CC(=O)c1ccccc1.[Li]C",0.999,1.06,-5.998094969755845,-5.999999999999993,"5f3da9903dc67c0001c38805","CC(=O)c1ccccc1.[Li]C>>CC(C)(O)c1ccccc1","CC(=O)c1ccccc1.[Li]C",0.999,1.06,-5.998094969755845,-5.999999999999993,"5f3da9773dc67c0001c387f4","C=C(CCC)c1ccccc1.C[Mg]Cl.O>>CCCC(C)(O)c1ccccc1","C=C(CCC)c1ccccc1.C[Mg]Cl.O","CCCC(C)(O)c1ccccc1",0.9873077212797312,-11.856652422280177,45.72514015876942,"True","False"
"","grignard","CC([Mg]Br)C.[H]C([H])=O.O>>CC(CO)C","CC([Mg]Br)C.[H]C([H])=O.O","CC(CO)C","",-12.846846240627713,-14.784634845557513,"CC(C)[Mg]Br.C=O.O>>CC(C)CO","CC(C)[Mg]Br.C=O.O","CC(C)CO",-12.846846240627713,-20.784634845557513,"5f3ac75a5ce6d3000172158a","5f3da9e73dc67c0001c3885a","Aldehyde to alcohol reduction","CC(C)C=O.[H]>>CC(CO)C","CC(C)C=O.[H]",1.,0.77,-7.654293711647309,-4.339850002884624,"5f3daa3f3dc67c0001c388a9","CC(C)C=O.[H]>>CC(C)CO","CC(C)C=O.[H]",1.,0.77,-7.654293711647309,-4.339850002884624,"5f3daa263dc67c0001c3889b","C=O.CC(C)[Mg]Br.O>>CC(C)CO","C=O.CC(C)[Mg]Br.O","CC(C)CO",0.6492609724355155,-12.846846240627713,-20.784634845557513,"True","False"
"","grignard","CCCCC(C)=O.C[Mg]Br.O>>CCCCC(O)C","CCCCC(C)=O.C[Mg]Br.O","CCCCC(O)C","",-11.85120781386947,-4.595159835461331,"CCCCC(C)=O.C[Mg]Br.O>>CCCCC(C)O","CCCCC(C)=O.C[Mg]Br.O","CCCCC(C)O",-11.85120781386947,-4.595159835461331,"5f3ac75a5ce6d3000172158a","5f3daa943dc67c0001c388d8","Unrecognized","CCCCC=O.[Li]C>>CCCCC(O)C","CCCCC=O.[Li]C",1.,1.06,-6.418004502099809,24.67970000576925,"5f3daac83dc67c0001c38937","CCCCC=O.[Li]C>>CCCCC(C)O","CCCCC=O.[Li]C",1.,1.06,-6.418004502099809,24.67970000576925,"5f3daab03dc67c0001c38926","CCCCC(C)=O.C[Mg]Br.O>>CCCCC(C)(C)O","CCCCC(C)=O.C[Mg]Br.O","CCCCC(C)(C)O",0.9994536938962494,-12.088769987151835,-23.61470984411521,"True","False"
"","grignard","Br[Mg]CC.C1CO1.O>>CCCCO","Br[Mg]CC.C1CO1.O","CCCCO","",-11.401863029949006,-19.614709844115207,"CC[Mg]Br.C1CO1.O>>CCCCO","CC[Mg]Br.C1CO1.O","CCCCO",-11.401863029949006,-19.614709844115207,"5f3ac75a5ce6d3000172158a","5f3dab1f3dc67c0001c3897c","Ester to alcohol reduction","CCCCOC(=O)CC.CCC[Mg+].[Br-]>>CCCCO","CCCCOC(=O)CC.CCC[Mg+].[Br-]",0.755,0.624,-13.077871639241025,-70.33985000288463,"5f3dab7a3dc67c0001c389e0","CCCCOC(=O)CC.CCC[Mg+].[Br-]>>CCCCO","CCCCOC(=O)CC.CCC[Mg+].[Br-]",0.755,0.624,-13.077871639241025,-70.33985000288463,"5f3dab623dc67c0001c389d0","C1CO1.CC[Mg]Br.O>>CCC(O)CC","C1CO1.CC[Mg]Br.O","CCC(O)CC",0.3129173689851932,-10.920337668684935,-23.274859841230583,"True","False"
"","grignard","CC1(CCCC(C1)C(C)=O)CC=O.C[Mg]Br.O>>CC2(CCCC(C2)C(C)(O)C)CC=O","CC1(CCCC(C1)C(C)=O)CC=O.C[Mg]Br.O","CC2(CCCC(C2)C(C)(O)C)CC=O","",-12.24972816018363,-13.614709844115197,"CC(=O)C1CCCC(C)(CC=O)C1.C[Mg]Br.O>>CC1(CC=O)CCCC(C(C)(C)O)C1","CC(=O)C1CCCC(C)(CC=O)C1.C[Mg]Br.O","CC1(CC=O)CCCC(C(C)(C)O)C1",-12.24972816018363,-13.614709844115197,"5f3ac75a5ce6d3000172158a","5f3dabd13dc67c0001c38a24","Ozonolysis","C=CCC1(C)CCCC(C(C)(C)O)C1.O.O=[O+][O-]>>CC2(CCCC(C2)C(C)(O)C)CC=O","C=CCC1(C)CCCC(C(C)(C)O)C1.O.O=[O+][O-]",0.61,0.631,-11.865263691441633,-3.169925001442323,"5f3dac1d3dc67c0001c38aaf","C=CCC1(C)CCCC(C(C)(C)O)C1.O.O=[O+][O-]>>CC1(CC=O)CCCC(C(C)(C)O)C1","C=CCC1(C)CCCC(C(C)(C)O)C1.O.O=[O+][O-]",0.61,0.631,-11.865263691441633,-3.169925001442323,"5f3dac033dc67c0001c38aa1","CC(=O)C1CCCC(C)(CC=O)C1.C[Mg]Br.O>>CC(O)CC1(C)CCCC(C(C)(C)O)C1","CC(=O)C1CCCC(C)(CC=O)C1.C[Mg]Br.O","CC(O)CC1(C)CCCC(C(C)(C)O)C1",0.42744615637086497,-12.219034497765172,15.064990161654066,"True","False"
"","grignard","CC(C1=CC=CC=C1)=O.Br[Mg]C2=CC=CC=C2.O>>OC(C3=CC=CC=C3)C4=CC=CC=C4","CC(C1=CC=CC=C1)=O.Br[Mg]C2=CC=CC=C2.O","OC(C3=CC=CC=C3)C4=CC=CC=C4","",-9.291138924048356,-50.85982234195174,"CC(=O)c1ccccc1.Br[Mg]c1ccccc1.O>>OC(c1ccccc1)c1ccccc1","CC(=O)c1ccccc1.Br[Mg]c1ccccc1.O","OC(c1ccccc1)c1ccccc1",-9.291138924048356,-50.85982234195174,"5f3ac75a5ce6d3000172158a","5f3dac673dc67c0001c38ada","Bromo Grignard reaction","O=Cc1ccccc1.[Br-].[Mg+]c1ccccc1>>OC(C3=CC=CC=C3)C4=CC=CC=C4","O=Cc1ccccc1.[Br-].[Mg+]c1ccccc1",0.998,1.06,-11.773878627087026,-23.58496250072116,"5f3dac913dc67c0001c38b4a","O=Cc1ccccc1.[Br-].[Mg+]c1ccccc1>>OC(c1ccccc1)c1ccccc1","O=Cc1ccccc1.[Br-].[Mg+]c1ccccc1",0.998,1.06,-11.773878627087026,-23.58496250072116,"5f3dac783dc67c0001c38b38","Br[Mg]c1ccccc1.CC(=O)c1ccccc1.O>>CC(O)(c1ccccc1)c1ccccc1","Br[Mg]c1ccccc1.CC(=O)c1ccccc1.O","CC(O)(c1ccccc1)c1ccccc1",0.8939368431771985,-9.04890387861056,-39.19967234483636,"True","False"
"","grignard","O=C1CCCCC1.CC[Mg]Br.O>>OC2(CC)CCCCC2","O=C1CCCCC1.CC[Mg]Br.O","OC2(CC)CCCCC2","",-11.17109893345881,-17.61470984411521,"O=C1CCCCC1.CC[Mg]Br.O>>CCC1(O)CCCCC1","O=C1CCCCC1.CC[Mg]Br.O","CCC1(O)CCCCC1",-11.17109893345881,-17.61470984411521,"5f3ac75a5ce6d3000172158a","5f3dace83dc67c0001c38ba6","Unrecognized","O=C1CCCCC1.[Li]CC>>OC2(CC)CCCCC2","O=C1CCCCC1.[Li]CC",1.,1.12,-4.772740617933505,0.,"5f3dad1e3dc67c0001c38c0f","O=C1CCCCC1.[Li]CC>>CCC1(O)CCCCC1","O=C1CCCCC1.[Li]CC",1.,1.12,-4.772740617933505,0.,"5f3dad053dc67c0001c38bfe","CC[Mg]Br.O.O=C1CCCCC1>>CCC1(O)CCCCC1","CC[Mg]Br.O.O=C1CCCCC1","CCC1(O)CCCCC1",0.9673388194309267,-11.171098933458811,-17.61470984411521,"True","False"
"","organocopper","O=C1C=CCCC1.C[Cu-]C.[Li+].O>>O=C2CC(C)CCC2","O=C1C=CCCC1.C[Cu-]C.[Li+].O","O=C2CC(C)CCC2","",-20.426419014134574,2.2510617641677158,"O=C1C=CCCC1.C[Cu-]C.[Li+].O>>CC1CCCC(=O)C1","O=C1C=CCCC1.C[Cu-]C.[Li+].O","CC1CCCC(=O)C1",-20.426419014134574,2.2510617641677158,"5f3ac7625ce6d3000172158f","5f3dadd53dc67c0001c38c6d","Ketone Jones oxidation","CC1CCCC(O)C1.O=S(=O)(O)O.O=[Cr](=O)([O-])O[Cr](=O)(=O)[O-].[Na+]>>O=C2CC(C)CCC2","CC1CCCC(O)C1.O=S(=O)(O)O.O=[Cr](=O)([O-])O[Cr](=O)(=O)[O-].[Na+]",1.,1.06,-16.860106158138613,-107.73835003173086,"5f3dae083dc67c0001c38ce4","CC1CCCC(O)C1.O=S(=O)(O)O.O=[Cr](=O)([O-])O[Cr](=O)(=O)[O-].[Na+]>>CC1CCCC(=O)C1","CC1CCCC(O)C1.O=S(=O)(O)O.O=[Cr](=O)([O-])O[Cr](=O)(=O)[O-].[Na+]",1.,1.06,-16.860106158138613,-107.73835003173086,"5f3dadf03dc67c0001c38cd0","C[Cu-]C.O.O=C1C=CCCC1.[Li+]>>C[S+](C)C1CCCC(=O)C1.[Br-]","C[Cu-]C.O.O=C1C=CCCC1.[Li+]","C[S+](C)C1CCCC(=O)C1.[Br-]",0.12402889752722557,-10.42061613294333,54.78038677714852,"True","False"
"","organocopper","CC1=C(C)CCCC1=O.C[Cu-]C.[Li+].O>>O=C2C(C)C(C)(C)CCC2","CC1=C(C)CCCC1=O.C[Cu-]C.[Li+].O","O=C2C(C)C(C)(C)CCC2","",-19.727400034301173,2.590911767052347,"CC1=C(C)C(=O)CCC1.C[Cu-]C.[Li+].O>>CC1C(=O)CCCC1(C)C","CC1=C(C)C(=O)CCC1.C[Cu-]C.[Li+].O","CC1C(=O)CCCC1(C)C",-19.727400034301173,2.590911767052347,"5f3ac7625ce6d3000172158f","5f3dae5f3dc67c0001c38d1e","Ketone Jones oxidation","CC1C(O)CCCC1(C)C.O=S(=O)(O)O.O=[Cr](=O)([O-])O[Cr](=O)(=O)[O-].[K+]>>O=C2C(C)C(C)(C)CCC2","CC1C(O)CCCC1(C)C.O=S(=O)(O)O.O=[Cr](=O)([O-])O[Cr](=O)(=O)[O-].[K+]",1.,0.92,-16.40793958675247,-107.73835003173086,"5f3daeb43dc67c0001c38daa","CC1C(O)CCCC1(C)C.O=S(=O)(O)O.O=[Cr](=O)([O-])O[Cr](=O)(=O)[O-].[K+]>>CC1C(=O)CCCC1(C)C","CC1C(O)CCCC1(C)C.O=S(=O)(O)O.O=[Cr](=O)([O-])O[Cr](=O)(=O)[O-].[K+]",1.,0.92,-16.40793958675247,-107.73835003173086,"5f3dae9c3dc67c0001c38d9d","CC1=C(C)C(=O)CCC1.C[Cu-]C.O.[Li+]>>CC1CCCC(=O)C1C","CC1=C(C)C(=O)CCC1.C[Cu-]C.O.[Li+]","CC1CCCC(=O)C1C",0.21309449905206407,-19.76713145517699,6.100686771379273,"True","False"
"","organocopper","C=CC(C1=CC=CC=C1)=O.C[Cu-]C.[Li+].O>>O=C(CCC)C2=CC=CC=C2","C=CC(C1=CC=CC=C1)=O.C[Cu-]C.[Li+].O","O=C(CCC)C2=CC=CC=C2","",-20.72790010304375,-9.088788238716887,"C=CC(=O)c1ccccc1.C[Cu-]C.[Li+].O>>CCCC(=O)c1ccccc1","C=CC(=O)c1ccccc1.C[Cu-]C.[Li+].O","CCCC(=O)c1ccccc1",-20.72790010304375,-9.088788238716887,"5f3ac7625ce6d3000172158f","5f3daf093dc67c0001c38de7","Bromo Grignard + nitrile ketone synthesis","CCCC#N.[Br-].[Mg+]c1ccccc1>>O=C(CCC)C2=CC=CC=C2","CCCC#N.[Br-].[Mg+]c1ccccc1",0.997,1.14,-13.121608264981719,-2.6438561897747235,"5f3daf403dc67c0001c38e57","CCCC#N.[Br-].[Mg+]c1ccccc1>>CCCC(=O)c1ccccc1","CCCC#N.[Br-].[Mg+]c1ccccc1",0.997,1.14,-13.121608264981719,-2.6438561897747235,"5f3daf263dc67c0001c38e47","C=CC(=O)c1ccccc1.C[Cu-]C.O.[Li+]>>C=C[C@@H](O)c1ccccc1","C=CC(=O)c1ccccc1.C[Cu-]C.O.[Li+]","C=C[C@@H](O)c1ccccc1",0.08632730974894574,-19.620414407276066,15.27061177282161,"True","False"
"","organocopper","CCC(/C=C/CC)=O.C[Cu-]C.[Li+].O>>CCC(CC(C)CC)=O","CCC(/C=C/CC)=O.C[Cu-]C.[Li+].O","CCC(CC(C)CC)=O","",-20.351674567919176,2.2510617641677158,"CCC=CC(=O)CC.C[Cu-]C.[Li+].O>>CCC(=O)CC(C)CC","CCC=CC(=O)CC.C[Cu-]C.[Li+].O","CCC(=O)CC(C)CC",-20.351674567919176,2.2510617641677158,"5f3ac7625ce6d3000172158f","5f3daf963dc67c0001c38ea4","Unrecognized","CCC(C)CC(=O)O.[Li]CC>>CCC(CC(C)CC)=O","CCC(C)CC(=O)O.[Li]CC",1.,1.1,-4.7074613751022705,-11.169925001442309,"5f3dafcb3dc67c0001c38f2e","CCC(C)CC(=O)O.[Li]CC>>CCC(=O)CC(C)CC","CCC(C)CC(=O)O.[Li]CC",1.,1.1,-4.7074613751022705,-11.169925001442309,"5f3dafb23dc67c0001c38f1d","CC/C=C/C(=O)CC.C[Cu-]C.O.[Li+]>>CCC(=O)CC(CC)[Sn](C)(C)C","CC/C=C/C(=O)CC.C[Cu-]C.O.[Li+]","CCC(=O)CC(CC)[Sn](C)(C)C",0.13347085406253165,-18.94249084651282,65.76083676849464,"True","False"
"","organocopper","ClC(C1=CC=CC=C1)=O.CCCC[Cu-]CCCC.[Li+].O>>O=C(CCCC)C2=CC=CC=C2","ClC(C1=CC=CC=C1)=O.CCCC[Cu-]CCCC.[Li+].O","O=C(CCCC)C2=CC=CC=C2","",-18.155493656663186,-32.53357308138979,"O=C(Cl)c1ccccc1.CCCC[Cu-]CCCC.[Li+].O>>CCCCC(=O)c1ccccc1","O=C(Cl)c1ccccc1.CCCC[Cu-]CCCC.[Li+].O","CCCCC(=O)c1ccccc1",-18.155493656663186,-32.53357308138979,"5f3ac7625ce6d3000172158f","5f3db0223dc67c0001c38f7f","Bromo Grignard + nitrile ketone synthesis","CCCCC#N.[Br-].[Mg+]c1ccccc1>>O=C(CCCC)C2=CC=CC=C2","CCCCC#N.[Br-].[Mg+]c1ccccc1",0.998,1.15,-12.525908934207274,-2.6438561897747235,"5f3db0573dc67c0001c39001","CCCCC#N.[Br-].[Mg+]c1ccccc1>>CCCCC(=O)c1ccccc1","CCCCC#N.[Br-].[Mg+]c1ccccc1",0.998,1.15,-12.525908934207274,-2.6438561897747235,"5f3db03f3dc67c0001c38ff3","CCCC[Cu-]CCCC.O.O=C(Cl)c1ccccc1.[Li+]>>CCCC[P](=O)CCCC","CCCC[Cu-]CCCC.O.O=C(Cl)c1ccccc1.[Li+]","CCCC[P](=O)CCCC",0.103741908480271,-16.13590295546791,-50.52681701567141,"True","False"
"","organocopper","CCCC[Cu-]CCCC.C1CCCC2(CO2)C1.[Li+].O>>OC3(CCCCC)CCCCC3","CCCC[Cu-]CCCC.C1CCCC2(CO2)C1.[Li+].O","OC3(CCCCC)CCCCC3","",-18.83112600443937,-30.0887882387169,"CCCC[Cu-]CCCC.C1CCC2(CC1)CO2.[Li+].O>>CCCCCC1(O)CCCCC1","CCCC[Cu-]CCCC.C1CCC2(CC1)CO2.[Li+].O","CCCCCC1(O)CCCCC1",-18.83112600443937,-30.0887882387169,"5f3ac7625ce6d3000172158f","5f3db0b73dc67c0001c3906f","Milas hydroxylation","CCCCC=C1CCCCC1.O.O=S(=O)(O)O>>OC3(CCCCC)CCCCC3","CCCCC=C1CCCCC1.O.O=S(=O)(O)O",1.,0.838,-8.167217920752417,-13.019550008653866,"5f3db0f83dc67c0001c390f7","CCCCC=C1CCCCC1.O.O=S(=O)(O)O>>CCCCCC1(O)CCCCC1","CCCCC=C1CCCCC1.O.O=S(=O)(O)O",1.,0.838,-8.167217920752417,-13.019550008653866,"5f3db0e03dc67c0001c390e5","C1CCC2(CC1)CO2.CCCC[Cu-]CCCC.O.[Li+]>>OCC1(O)CCCCC1","C1CCC2(CC1)CO2.CCCC[Cu-]CCCC.O.[Li+]","OCC1(O)CCCCC1",0.0904705458227197,-18.604598852739294,-38.918863237274586,"True","False"
"","organocopper","C=C[Cu-]C=C.C1(C23CCCCC2O3)=CC=CC=C1.[Li+].O>>OC4(CCCCC4C=C)C5=CC=CC=C5","C=C[Cu-]C=C.C1(C23CCCCC2O3)=CC=CC=C1.[Li+].O","OC4(CCCCC4C=C)C5=CC=CC=C5","",-20.088776158394882,-46.76848824448612,"C=C[Cu-]C=C.c1ccc(C23CCCCC2O3)cc1.[Li+].O>>C=CC1CCCCC1(O)c1ccccc1","C=C[Cu-]C=C.c1ccc(C23CCCCC2O3)cc1.[Li+].O","C=CC1CCCCC1(O)c1ccccc1",-20.088776158394882,-46.76848824448612,"5f3ac7625ce6d3000172158f","5f3db14f3dc67c0001c39139","Unrecognized","C=CC1CCCCC1=O.C1CCOC1.[Li]c1ccccc1>>OC4(CCCCC4C=C)C5=CC=CC=C5","C=CC1CCCCC1=O.C1CCOC1.[Li]c1ccccc1",0.971,1.11,-5.498531951135518,16.,"5f3db1833dc67c0001c3919e","C=CC1CCCCC1=O.C1CCOC1.[Li]c1ccccc1>>C=CC1CCCCC1(O)c1ccccc1","C=CC1CCCCC1=O.C1CCOC1.[Li]c1ccccc1",0.971,1.11,-5.498531951135518,16.,"5f3db16a3dc67c0001c3918f","C=C[Cu-]C=C.O.[Li+].c1ccc(C23CCCCC2O3)cc1>>C=C[Si]1(c2ccccc2)CCCCC1O","C=C[Cu-]C=C.O.[Li+].c1ccc(C23CCCCC2O3)cc1","C=C[Si]1(c2ccccc2)CCCCC1O",0.020754649613884964,-18.961528573421717,21.42098676561008,"True","False"
"","organocopper","C[Cu-]C.C1(C2CO2)=CC=CC=C1.[Li+].O>>CCC(O)C3=CC=CC=C3","C[Cu-]C.C1(C2CO2)=CC=CC=C1.[Li+].O","CCC(O)C3=CC=CC=C3","",-20.513448223563728,-26.0887882387169,"C[Cu-]C.c1ccc(C2CO2)cc1.[Li+].O>>CCC(O)c1ccccc1","C[Cu-]C.c1ccc(C2CO2)cc1.[Li+].O","CCC(O)c1ccccc1",-20.513448223563728,-26.0887882387169,"5f3ac7625ce6d3000172158f","5f3db1d93dc67c0001c391dd","Ketone to alcohol reduction","CCC(=O)c1ccccc1.[H]>>CCC(O)C3=CC=CC=C3","CCC(=O)c1ccccc1.[H]",0.999,0.838,-6.475136644723955,28.189475010096174,"5f3db20f3dc67c0001c39263","CCC(=O)c1ccccc1.[H]>>CCC(O)c1ccccc1","CCC(=O)c1ccccc1.[H]",0.999,0.838,-6.475136644723955,28.189475010096174,"5f3db1f63dc67c0001c39252","C[Cu-]C.O.[Li+].c1ccc(C2CO2)cc1>>OCC(O)c1ccccc1","C[Cu-]C.O.[Li+].c1ccc(C2CO2)cc1","OCC(O)c1ccccc1",0.2930804092498544,-20.390237234552735,-16.918863237274593,"True","False"
"","organocopper","CCC(Cl)=O.C1([Cu-]C2=CC=CC=C2)=CC=CC=C1.[Li+].O>>CCC(C3=CC=CC=C3)=O","CCC(Cl)=O.C1([Cu-]C2=CC=CC=C2)=CC=CC=C1.[Li+].O","CCC(C3=CC=CC=C3)=O","",-18.103841806931833,-48.87342308427442,"CCC(=O)Cl.c1ccc([Cu-]c2ccccc2)cc1.[Li+].O>>CCC(=O)c1ccccc1","CCC(=O)Cl.c1ccc([Cu-]c2ccccc2)cc1.[Li+].O","CCC(=O)c1ccccc1",-18.103841806931833,-48.87342308427442,"5f3ac7625ce6d3000172158f","5f3db2653dc67c0001c392c1","Ketone Jones oxidation","CCC(O)c1ccccc1.O=S(=O)(O)O.O=[Cr](=O)([O-])O[Cr](=O)(=O)[O-].[Na+]>>CCC(C3=CC=CC=C3)=O","CCC(O)c1ccccc1.O=S(=O)(O)O.O=[Cr](=O)([O-])O[Cr](=O)(=O)[O-].[Na+]",0.999,0.972,-17.27576693629956,-118.90827503317317,"5f3db29b3dc67c0001c3933b","CCC(O)c1ccccc1.O=S(=O)(O)O.O=[Cr](=O)([O-])O[Cr](=O)(=O)[O-].[Na+]>>CCC(=O)c1ccccc1","CCC(O)c1ccccc1.O=S(=O)(O)O.O=[Cr](=O)([O-])O[Cr](=O)(=O)[O-].[Na+]",0.999,0.972,-17.27576693629956,-118.90827503317317,"5f3db2813dc67c0001c39329","CCC(=O)Cl.O.[Li+].c1ccc([Cu-]c2ccccc2)cc1>>CCC(=O)P(c1ccccc1)c1ccccc1","CCC(=O)Cl.O.[Li+].c1ccc([Cu-]c2ccccc2)cc1","CCC(=O)P(c1ccccc1)c1ccccc1",0.5460043761901687,-16.912380149066635,1.0939893010442745,"True","False"
"","dielsalder","C=CC=C.Cl/C=C\Cl>>ClC1C(Cl)CC=CC1","C=CC=C.Cl/C=C\Cl","ClC1C(Cl)CC=CC1","",-3.2546090323099,43.294409849884445,"C=CC=C.ClC=CCl>>ClC1CC=CCC1Cl","C=CC=C.ClC=CCl","ClC1CC=CCC1Cl",-3.2546090323099,37.294409849884445,"5f3ac7785ce6d30001721597","5f3db40a3dc67c0001c393b8","Hydroxy to chloro","OC1CC=CCC1Cl.O=S(Cl)Cl>>ClC1C(Cl)CC=CC1","OC1CC=CCC1Cl.O=S(Cl)Cl",0.96,0.938,-3.914327591922526,-90.03910001730776,"5f3db43f3dc67c0001c39429","OC1CC=CCC1Cl.O=S(Cl)Cl>>ClC1CC=CCC1Cl","OC1CC=CCC1Cl.O=S(Cl)Cl",0.96,0.938,-3.914327591922526,-96.03910001730776,"5f3db4263dc67c0001c39418","C=CC=C.Cl/C=C\Cl>>Cl/C=C/CCl","C=CC=C.Cl/C=C\Cl","Cl/C=C/CCl",0.12395026415349274,-3.688505284612094,14.6147098441152,"True","False"
"","dielsalder","C=C(C)C=C.Cl/C=C\Cl>>CC1=CCC(Cl)C(Cl)C1","C=C(C)C=C.Cl/C=C\Cl","CC1=CCC(Cl)C(Cl)C1","",-2.5866464394713944,83.31395985853833,"C=CC(=C)C.ClC=CCl>>CC1=CCC(Cl)C(Cl)C1","C=CC(=C)C.ClC=CCl","CC1=CCC(Cl)C(Cl)C1",-2.5866464394713944,83.31395985853833,"5f3ac7785ce6d30001721597","5f3db4953dc67c0001c39485","Hydroxy to chloro","CC1=CCC(O)C(Cl)C1.O=S(Cl)Cl>>CC1=CCC(Cl)C(Cl)C1","CC1=CCC(O)C(Cl)C1.O=S(Cl)Cl",0.991,0.885,-3.88832881569875,-39.84962500721156,"5f3db4d33dc67c0001c394e6","CC1=CCC(O)C(Cl)C1.O=S(Cl)Cl>>CC1=CCC(Cl)C(Cl)C1","CC1=CCC(O)C(Cl)C1.O=S(Cl)Cl",0.991,0.885,-3.88832881569875,-39.84962500721156,"5f3db4bb3dc67c0001c394d5","C=CC(=C)C.Cl/C=C\Cl>>CC1=CCC(Cl)C1","C=CC(=C)C.Cl/C=C\Cl","CC1=CCC(Cl)C1",0.23038943654880947,-3.104697056922034,34.679700005769234,"True","False"
"","dielsalder","C=C(C)C(C)=C.Cl/C=C\Cl>>CC1=C(C)CC(Cl)C(Cl)C1","C=C(C)C(C)=C.Cl/C=C\Cl","CC1=C(C)CC(Cl)C(Cl)C1","",-2.4216542067508104,37.29440984988445,"C=C(C)C(=C)C.ClC=CCl>>CC1=C(C)CC(Cl)C(Cl)C1","C=C(C)C(=C)C.ClC=CCl","CC1=C(C)CC(Cl)C(Cl)C1",-2.4216542067508104,37.29440984988445,"5f3ac7785ce6d30001721597","5f3db5283dc67c0001c39513","Hydroxy to chloro","CC1=C(C)CC(Cl)C(O)C1.O=S(Cl)Cl>>CC1=C(C)CC(Cl)C(Cl)C1","CC1=C(C)CC(Cl)C(O)C1.O=S(Cl)Cl",0.982,0.938,-3.956569496172122,-102.86917501586542,"5f3db5af3dc67c0001c39572","CC1=C(C)CC(Cl)C(O)C1.O=S(Cl)Cl>>CC1=C(C)CC(Cl)C(Cl)C1","CC1=C(C)CC(Cl)C(O)C1.O=S(Cl)Cl",0.982,0.938,-3.956569496172122,-102.86917501586542,"5f3db5933dc67c0001c39561","C=C(C)C(=C)C.Cl/C=C\Cl>>CC1=C(C)CC(Cl)C1","C=C(C)C(=C)C.Cl/C=C\Cl","CC1=C(C)CC(Cl)C1",0.34282499422111506,-3.2934382483783597,2.999999999999993,"True","False"
"","dielsalder","C=C/C=C/C.Cl/C=C\Cl>>ClC1C(Cl)CC=CC1C","C=C/C=C/C.Cl/C=C\Cl","ClC1C(Cl)CC=CC1C","",-2.9446853270293474,94.65380986142297,"C=CC=CC.ClC=CCl>>CC1C=CCC(Cl)C1Cl","C=CC=CC.ClC=CCl","CC1C=CCC(Cl)C1Cl",-2.9446853270293474,94.65380986142297,"5f3ac7785ce6d30001721597","5f3db5f83dc67c0001c39596","Hydroxy to chloro","CC1C=CCC(O)C1Cl.ClCCl.O=S(Cl)Cl>>ClC1C(Cl)CC=CC1C","CC1C=CCC(O)C1Cl.ClCCl.O=S(Cl)Cl",0.949,0.96,-6.762089700487579,-51.464334851326754,"5f3db6373dc67c0001c395f2","CC1C=CCC(O)C1Cl.ClCCl.O=S(Cl)Cl>>CC1C=CCC(Cl)C1Cl","CC1C=CCC(O)C1Cl.ClCCl.O=S(Cl)Cl",0.949,0.96,-6.762089700487579,-51.464334851326754,"5f3db61f3dc67c0001c395e2","C=C/C=C/C.Cl/C=C\Cl>>CC1C=CCC1Cl","C=C/C=C/C.Cl/C=C\Cl","CC1C=CCC1Cl",0.10096006241306987,-3.3286980389050704,46.01955000865388,"True","False"
"","dielsalder","C/C=C/C=C/C.Cl/C=C\Cl>>CC1C(Cl)C(Cl)C(C)C=C1","C/C=C/C=C/C.Cl/C=C\Cl","CC1C(Cl)C(Cl)C(C)C=C1","",-2.3542291629033114,122.33350986719222,"CC=CC=CC.ClC=CCl>>CC1C=CC(C)C(Cl)C1Cl","CC=CC=CC.ClC=CCl","CC1C=CC(C)C(Cl)C1Cl",-2.3542291629033114,55.8041848542114,"5f3ac7785ce6d30001721597","5f3db68c3dc67c0001c39621","Hydroxy to chloro","CC1C=CC(C)C(Cl)C1O.ClCCl.O=S(Cl)Cl>>CC1C(Cl)C(Cl)C(C)C=C1","CC1C=CC(C)C(Cl)C1O.ClCCl.O=S(Cl)Cl",0.951,0.868,-6.631944286286395,-51.464334851326754,"5f3db6cb3dc67c0001c39679","CC1C=CC(C)C(Cl)C1O.ClCCl.O=S(Cl)Cl>>CC1C=CC(C)C(Cl)C1Cl","CC1C=CC(C)C(Cl)C1O.ClCCl.O=S(Cl)Cl",0.951,0.868,-6.631944286286395,-117.99365986430757,"5f3db6b33dc67c0001c39669","C/C=C/C=C/C.Cl/C=C\Cl>>CC1C=CC(Cl)C1C","C/C=C/C=C/C.Cl/C=C\Cl","CC1C=CC(Cl)C1C",0.09782263704936765,-2.7175998368862198,73.69925001442311,"True","False"
"","dielsalder","C=C/C=C/C1CCCCC1.Cl/C=C\Cl>>ClC(C2Cl)CC=CC2C3CCCCC3","C=C/C=C/C1CCCCC1.Cl/C=C\Cl","ClC(C2Cl)CC=CC2C3CCCCC3","",-2.7467093858778915,104.23877236214412,"C=CC=CC1CCCCC1.ClC=CCl>>ClC1CC=CC(C2CCCCC2)C1Cl","C=CC=CC1CCCCC1.ClC=CCl","ClC1CC=CC(C2CCCCC2)C1Cl",-2.7467093858778915,104.23877236214412,"5f3ac7785ce6d30001721597","5f3db7213dc67c0001c396a6","Unrecognized","C1=CC(C2CCCCC2)C=CC1.Cc1ccccc1.ClCl>>ClC(C2Cl)CC=CC2C3CCCCC3","C1=CC(C2CCCCC2)C=CC1.Cc1ccccc1.ClCl",0.00721,0.00504,-4.003484675903297,93.46116478348056,"5f3db7b23dc67c0001c39745","C1=CC(C2CCCCC2)C=CC1.Cc1ccccc1.ClCl>>ClC1CC=CC(C2CCCCC2)C1Cl","C1=CC(C2CCCCC2)C=CC1.Cc1ccccc1.ClCl",0.00721,0.00504,-4.003484675903297,93.46116478348056,"5f3db79a3dc67c0001c39733","C=C/C=C/C1CCCCC1.Cl/C=C\Cl>>Cl/C=C/C=C/C1CCCCC1","C=C/C=C/C1CCCCC1.Cl/C=C\Cl","Cl/C=C/C=C/C1CCCCC1",0.527182629821204,-3.6881208732653636,-3.,"True","False"
"","dielsalder","C=CC=C.C=C>>C1CCCC=C1","C=CC=C.C=C","C1CCCC=C1","",-5.3090834940542875,6.,"C=CC=C.C=C>>C1=CCCCC1","C=CC=C.C=C","C1=CCCCC1",-5.3090834940542875,6.,"5f3ac7785ce6d30001721597","5f3db8163dc67c0001c3977e","Alkyne to alkene hydrogenation","C1#CCCCC1.O=S(=O)([O-])[O-].[Ba+2].[H][H].[Pd]>>C1CCCC=C1","C1#CCCCC1.O=S(=O)([O-])[O-].[Ba+2].[H][H].[Pd]",0.995,0.73,-30.157931283800472,-33.84962500721156,"5f3db84a3dc67c0001c397b2","C1#CCCCC1.O=S(=O)([O-])[O-].[Ba+2].[H][H].[Pd]>>C1=CCCCC1","C1#CCCCC1.O=S(=O)([O-])[O-].[Ba+2].[H][H].[Pd]",0.995,0.73,-30.157931283800472,-33.84962500721156,"5f3db8313dc67c0001c397a1","C=C.C=CC=C>>C1=CCCCC1","C=C.C=CC=C","C1=CCCCC1",0.20848458627047128,-5.3090834940542875,6.,"True","False"
"","dielsalder","C=C(C)C(C)=C.C=C>>CC1=C(C)CCCC1","C=C(C)C(C)=C.C=C","CC1=C(C)CCCC1","",-4.406803800180451,6.,"C=C(C)C(=C)C.C=C>>CC1=C(C)CCCC1","C=C(C)C(=C)C.C=C","CC1=C(C)CCCC1",-4.406803800180451,6.,"5f3ac7785ce6d30001721597","5f3db89f3dc67c0001c397e0","Alcohol elimination","CC1CCCCC1(C)O.Cc1ccc(S(=O)(=O)O)cc1.Cc1ccccc1>>CC1=C(C)CCCC1","CC1CCCCC1(C)O.Cc1ccc(S(=O)(=O)O)cc1.Cc1ccccc1",0.558,0.43,-3.4092645139554705,-219.8135375281251,"5f3db8c83dc67c0001c3982e","CC1CCCCC1(C)O.Cc1ccc(S(=O)(=O)O)cc1.Cc1ccccc1>>CC1=C(C)CCCC1","CC1CCCCC1(C)O.Cc1ccc(S(=O)(=O)O)cc1.Cc1ccccc1",0.558,0.43,-3.4092645139554705,-219.8135375281251,"5f3db8b03dc67c0001c39821","C=C.C=C(C)C(=C)C>>CC1=C(C)C(C)(C)CC1","C=C.C=C(C)C(=C)C","CC1=C(C)C(C)(C)CC1",0.13197130015944764,-3.9079548438535765,34.,"True","False"
"","dielsalder","C=C/C=C/C.C=C>>CC1CCCC=C1","C=C/C=C/C.C=C","CC1CCCC=C1","",-4.3788169219008255,26.339850002884628,"C=CC=CC.C=C>>CC1C=CCCC1","C=CC=CC.C=C","CC1C=CCCC1",-4.3788169219008255,26.339850002884628,"5f3ac7785ce6d30001721597","5f3db9113dc67c0001c39865","Unrecognized","C1=CC2C3C=CC(C3)C2C1.CC1=CCCCC1>>CC1CCCC=C1","C1=CC2C3C=CC(C3)C2C1.CC1=CCCCC1",0.00283,0.00276,-3.9747234236794036,-116.03910001730776,"5f3db9453dc67c0001c39895","C1=CC2C3C=CC(C3)C2C1.CC1=CCCCC1>>CC1C=CCCC1","C1=CC2C3C=CC(C3)C2C1.CC1=CCCCC1",0.00283,0.00276,-3.9747234236794036,-116.03910001730776,"5f3db92d3dc67c0001c39886","C=C.C=C/C=C/C>>C1=CC2CCC1C2","C=C.C=C/C=C/C","C1=CC2CCC1C2",0.05118581172503612,-3.065268716014087,21.33985000288462,"True","False"
"","dielsalder","C=C/C=C/C1CCCCC1.C=C>>C2(C3C=CCCC3)CCCCC2","C=C/C=C/C1CCCCC1.C=C","C2(C3C=CCCC3)CCCCC2","",-3.969338276639884,35.92481250360578,"C=CC=CC1CCCCC1.C=C>>C1=CC(C2CCCCC2)CCC1","C=CC=CC1CCCCC1.C=C","C1=CC(C2CCCCC2)CCC1",-3.969338276639884,35.92481250360578,"5f3ac7785ce6d30001721597","5f3db99a3dc67c0001c398bc","Unrecognized","C1=CCCCC1.O=S(=O)(O)O>>C2(C3C=CCCC3)CCCCC2","C1=CCCCC1.O=S(=O)(O)O",0.000131,0.000207,-1.5344096828627123,33.41503749927884,"5f3db9d93dc67c0001c39920","C1=CCCCC1.O=S(=O)(O)O>>C1=CC(C2CCCCC2)CCC1","C1=CCCCC1.O=S(=O)(O)O",0.000131,0.000207,-1.5344096828627123,33.41503749927884,"5f3db9c13dc67c0001c39910","C=C.C=C/C=C/C1CCCCC1>>C1=CC2CCCCC2C1","C=C.C=C/C=C/C1CCCCC1","C1=CC2CCCCC2C1",0.1379927538066093,-3.4456921387963506,37.67970000576925,"True","False"
"","acetylide","[C-]#C.CC(C)CCl>>C#CCC(C)C","[C-]#C.CC(C)CCl","C#CCC(C)C","",-4.993414564140405,-7.199672344836358,"[C-]#C.CC(C)CCl>>C#CCC(C)C","[C-]#C.CC(C)CCl","C#CCC(C)C",-4.993414564140405,-7.199672344836358,"5f3ac78d5ce6d3000172159e","5f3dbdf33dc67c0001c39ab7","Alkyne TMS deprotection","CC(C)CC#C[Si](C)(C)C.CO.O=C([O-])[O-].[K+].[K+]>>C#CCC(C)C","CC(C)CC#C[Si](C)(C)C.CO.O=C([O-])[O-].[K+].[K+]",0.991,0.905,-22.86365593765288,-71.92481250360576,"5f3dbe263dc67c0001c39ae2","CC(C)CC#C[Si](C)(C)C.CO.O=C([O-])[O-].[K+].[K+]>>C#CCC(C)C","CC(C)CC#C[Si](C)(C)C.CO.O=C([O-])[O-].[K+].[K+]",0.991,0.905,-22.86365593765288,-71.92481250360576,"5f3dbe0e3dc67c0001c39ad3","CC(C)CCl.[C-]#C>>C#CCC(C)C","CC(C)CCl.[C-]#C","C#CCC(C)C",0.39554896361403713,-4.993414564140405,-7.199672344836358,"True","False"
"","acetylide","C#CC1CCCCC1.O=S(O)(O)=O.O=S(=O)=[Hg](=O)=O.O>>O=C(C)C2CCCCC2","C#CC1CCCCC1.O=S(O)(O)=O.O=S(=O)=[Hg](=O)=O.O","O=C(C)C2CCCCC2","",-14.199887828914724,-78.30376252379816,"C#CC1CCCCC1.O=S(=O)(O)O.O=S(=O)=[Hg](=O)=O.O>>CC(=O)C1CCCCC1","C#CC1CCCCC1.O=S(=O)(O)O.O=S(=O)=[Hg](=O)=O.O","CC(=O)C1CCCCC1",-14.199887828914724,-78.30376252379816,"5f3ac78d5ce6d3000172159e","5f3dbe7c3dc67c0001c39b07","Unrecognized","O=C(O)C1CCCCC1.[Li]C>>O=C(C)C2CCCCC2","O=C(O)C1CCCCC1.[Li]C",1.,1.05,-6.298111303564777,-7.169925001442309,"5f3dbebc3dc67c0001c39b95","O=C(O)C1CCCCC1.[Li]C>>CC(=O)C1CCCCC1","O=C(O)C1CCCCC1.[Li]C",1.,1.05,-6.298111303564777,-7.169925001442309,"5f3dbea33dc67c0001c39b82","C#CC1CCCCC1.O.O=S(=O)(O)O.O=S(=O)=[Hg](=O)=O>>CC(=O)C1CCCCC1","C#CC1CCCCC1.O.O=S(=O)(O)O.O=S(=O)=[Hg](=O)=O","CC(=O)C1CCCCC1",0.9983838756969929,-14.199887828914724,-78.30376252379816,"True","False"
"","acetylide","C[C@]12[C@@H](O2)CCC1.C#[C-].O>>O[C@@]3(C)[C@H](C#C)CCC3","C[C@]12[C@@H](O2)CCC1.C#[C-].O","O[C@@]3(C)[C@H](C#C)CCC3","",-10.85359811363253,-26.264662506490424,"CC12CCCC1O2.[C-]#C.O>>C#CC1CCCC1(C)O","CC12CCCC1O2.[C-]#C.O","C#CC1CCCC1(C)O",-10.85359811363253,-26.264662506490424,"5f3ac78d5ce6d3000172159e","5f3dbf123dc67c0001c39be9","O-Ac deprotection","C#C[C@@H]1CCC[C@@]1(C)OC(C)=O.CO.O=C([O-])[O-].[K+].[K+]>>O[C@@]3(C)[C@H](C#C)CCC3","C#C[C@@H]1CCC[C@@]1(C)OC(C)=O.CO.O=C([O-])[O-].[K+].[K+]",0.863,0.892,-22.69303673113812,-79.84962500721156,"5f3dbf5d3dc67c0001c39c88","C#CC1CCCC1=O.C1CCOC1.C[Mg]Br>>C#CC1CCCC1(C)O","C#CC1CCCC1=O.C1CCOC1.C[Mg]Br",0.995,1.18,-8.029700504201347,-6.78463484555752,"5f3dbf453dc67c0001c39c78","C[C@@]12CCC[C@@H]1O2.O.[C-]#C>>C#CC#C[C@H]1CCC[C@@]1(C)O","C[C@@]12CCC[C@@H]1O2.O.[C-]#C","C#CC#C[C@H]1CCC[C@@]1(C)O",0.06340490865933429,-10.487675015330087,-10.264662506490424,"False","False"
"","acetylide","C#CCCCC.Cl.Cl>>CC(Cl)(Cl)CCCC","C#CCCCC.Cl.Cl","CC(Cl)(Cl)CCCC","",-12.395868371817395,20.02974734339405,"C#CCCCC.Cl.Cl>>CCCCC(C)(Cl)Cl","C#CCCCC.Cl.Cl","CCCCC(C)(Cl)Cl",-12.395868371817395,20.02974734339405,"5f3ac78d5ce6d3000172159e","5f3dbfca3dc67c0001c39ce2","Unrecognized","CC#CCCC.Cl>>CC(Cl)(Cl)CCCC","CC#CCCC.Cl",1.,1.,-6.573568371817396,19.614709844115204,"5f3dc00c3dc67c0001c39d5d","CC#CCCC.Cl>>CCCCC(C)(Cl)Cl","CC#CCCC.Cl",1.,1.,-6.573568371817396,19.614709844115204,"5f3dbff33dc67c0001c39d4d","C#CCCCC.Cl.Cl>>CCCCC(C)(Cl)Cl","C#CCCCC.Cl.Cl","CCCCC(C)(Cl)Cl",0.5980915859136139,-12.395868371817395,20.02974734339405,"True","True"
"","acetylide","CCC#[C-].CCCOS(C1=CC=C(C)C=C1)(=O)=O>>CCC#CCC","CCC#[C-].CCCOS(C1=CC=C(C)C=C1)(=O)=O","CCC#CCC","",-3.525832598043997,-139.13383752235586,"[C-]#CCC.CCCOS(=O)(=O)c1ccc(C)cc1>>CCC#CCC","[C-]#CCC.CCCOS(=O)(=O)c1ccc(C)cc1","CCC#CCC",-3.525832598043997,-139.13383752235586,"5f3ac78d5ce6d3000172159e","5f3dc0613dc67c0001c39d9b","Unrecognized","C#CCC.C1CCOC1.CCBr.CCCCCC.[Li]CCCC>>CCC#CCC","C#CCC.C1CCOC1.CCBr.CCCCCC.[Li]CCCC",0.971,0.894,-10.118655311218152,-88.36959734627868,"5f3dc0a03dc67c0001c39de7","C#CCC.C1CCOC1.CCBr.CCCCCC.[Li]CCCC>>CCC#CCC","C#CCC.C1CCOC1.CCBr.CCCCCC.[Li]CCCC",0.971,0.894,-10.118655311218152,-88.36959734627868,"5f3dc0873dc67c0001c39dd8","CCCOS(=O)(=O)c1ccc(C)cc1.[C-]#CCC>>CCCC#CCCC","CCCOS(=O)(=O)c1ccc(C)cc1.[C-]#CCC","CCCC#CCCC",0.5381371741109912,-3.820140130700554,-133.13383752235586,"True","False"
"","acetylide","[C-]#CC1=CC=CC=C1.O2CC2>>[O-]CCC#CC3=CC=CC=C3","[C-]#CC1=CC=CC=C1.O2CC2","[O-]CCC#CC3=CC=CC=C3","",-1.7650599621796683,8.415037499278853,"[C-]#Cc1ccccc1.C1CO1>>[O-]CCC#Cc1ccccc1","[C-]#Cc1ccccc1.C1CO1","[O-]CCC#Cc1ccccc1",-1.7650599621796683,8.415037499278853,"5f3ac78d5ce6d3000172159e","5f3dc0e93dc67c0001c39e08","Deoxygenation","OCCC#Cc1ccccc1>>[O-]CCC#CC3=CC=CC=C3","OCCC#Cc1ccccc1",0.00019800000000000002,0.000207,0.7908923076923084,0.,"5f3dc12a3dc67c0001c39eb7","OCCC#Cc1ccccc1>>[O-]CCC#Cc1ccccc1","OCCC#Cc1ccccc1",0.00019800000000000002,0.000207,0.7908923076923084,0.,"5f3dc1123dc67c0001c39ea6","C1CO1.[C-]#Cc1ccccc1>>OCCC#Cc1ccccc1","C1CO1.[C-]#Cc1ccccc1","OCCC#Cc1ccccc1",0.3368242852269886,-2.5559522698719768,8.415037499278853,"True","True"
"","acetylide","C/C(CC/C=C(C)\C)=C\CCC#C.C[CH2-].C=O.[Li+].O>>C/C(C)=C\CC/C(C)=C/CCC#CCO","C/C(CC/C=C(C)\C)=C\CCC#C.C[CH2-].C=O.[Li+].O","C/C(C)=C\CC/C(C)=C/CCC#CCO","",-21.887600078323743,4.415037499278853,"C#CCCC=C(C)CCC=C(C)C.[CH2-]C.C=O.[Li+].O>>CC(C)=CCCC(C)=CCCC#CCO","C#CCCC=C(C)CCC=C(C)C.[CH2-]C.C=O.[Li+].O","CC(C)=CCCC(C)=CCCC#CCO",-21.887600078323743,4.415037499278853,"5f3ac78d5ce6d3000172159e","5f3dc1803dc67c0001c39f2b","O-THP deprotection","CC(C)=CCC/C(C)=C/CCC#CCOC1CCCCO1.CCO.Cc1ccc(S(=O)(=O)[O-])cc1.c1cc[nH+]cc1>>C/C(C)=C\CC/C(C)=C/CCC#CCO","CC(C)=CCC/C(C)=C/CCC#CCOC1CCCCO1.CCO.Cc1ccc(S(=O)(=O)[O-])cc1.c1cc[nH+]cc1",0.901,0.892,-9.814427846933743,-247.81679372943833,"5f3dc1d93dc67c0001c39fbe","C#CCCC=C(C)CCC=C(C)C.C1CCOC1.C=O.[Li]CCCC>>CC(C)=CCCC(C)=CCCC#CCO","C#CCCC=C(C)CCC=C(C)C.C1CCOC1.C=O.[Li]CCCC",0.94,0.878,-10.322953539335693,-42.754887502163456,"5f3dc1be3dc67c0001c39faa","C#CCC/C=C(\C)CCC=C(C)C.C=O.O.[CH2-]C.[Li+]>>CC(C)=CCCC(C)=CCCC#CCO","C#CCC/C=C(\C)CCC=C(C)C.C=O.O.[CH2-]C.[Li+]","CC(C)=CCCC(C)=CCCC#CCO",0.9118907494543961,-21.887600078323743,4.415037499278853,"False","False"
"","acetylide","CC#CC.O=C(CCC1=O)N1Cl.CO>>CC(OC)(OC)C(Cl)(Cl)C","CC#CC.O=C(CCC1=O)N1Cl.CO","CC(OC)(OC)C(Cl)(Cl)C","",-5.953267016968866,-21.441343573651096,"CC#CC.O=C1CCC(=O)N1Cl.CO>>COC(C)(OC)C(C)(Cl)Cl","CC#CC.O=C1CCC(=O)N1Cl.CO","COC(C)(OC)C(C)(Cl)Cl",-5.953267016968866,-21.441343573651096,"5f3ac78d5ce6d3000172159e","5f3dc24f3dc67c0001c3a027","Unrecognized","CC(=O)C(C)(Cl)Cl.CO.COC(OC)OC.Cc1ccc(S(=O)(=O)O)cc1>>CC(OC)(OC)C(Cl)(Cl)C","CC(=O)C(C)(Cl)Cl.CO.COC(OC)OC.Cc1ccc(S(=O)(=O)O)cc1",0.963,0.982,-6.576225013873909,-131.8887250245193,"5f3dc2773dc67c0001c3a05e","CC(=O)C(C)(Cl)Cl.CO.COC(OC)OC.Cc1ccc(S(=O)(=O)O)cc1>>COC(C)(OC)C(C)(Cl)Cl","CC(=O)C(C)(Cl)Cl.CO.COC(OC)OC.Cc1ccc(S(=O)(=O)O)cc1",0.963,0.982,-6.576225013873909,-131.8887250245193,"5f3dc25f3dc67c0001c3a04c","CC#CC.CO.O=C1CCC(=O)N1Cl>>COC(C)=C(C)Cl","CC#CC.CO.O=C1CCC(=O)N1Cl","COC(C)=C(C)Cl",0.30452095133882295,-6.112884177210798,-21.441343573651096,"True","False"
"","e-sub","[O-][N+](O)=O.O=S(O)(O)=O.C1=CC=CC=C1>>O=[N+](C2=CC=CC=C2)[O-]","[O-][N+](O)=O.O=S(O)(O)=O.C1=CC=CC=C1","O=[N+](C2=CC=CC=C2)[O-]","",-4.396018036915402,-2.0537657239917735,"O=[N+]([O-])O.O=S(=O)(O)O.c1ccccc1>>O=[N+]([O-])c1ccccc1","O=[N+]([O-])O.O=S(=O)(O)O.c1ccccc1","O=[N+]([O-])c1ccccc1",-4.396018036915402,-2.0537657239917735,"5f3ac7995ce6d300017215a1","5f3dc2fd3dc67c0001c3a086","Nitration","O=S(=O)(O)O.O=[N+]([O-])O.c1ccccc1>>O=[N+](C2=CC=CC=C2)[O-]","O=S(=O)(O)O.O=[N+]([O-])O.c1ccccc1",0.873,0.887,-4.396018036915402,-2.0537657239917735,"5f3dc3303dc67c0001c3a0bc","O=S(=O)(O)O.O=[N+]([O-])O.c1ccccc1>>O=[N+]([O-])c1ccccc1","O=S(=O)(O)O.O=[N+]([O-])O.c1ccccc1",0.873,0.887,-4.396018036915402,-2.0537657239917735,"5f3dc3173dc67c0001c3a0aa","O=S(=O)(O)O.O=[N+]([O-])O.c1ccccc1>>O=[N+]([O-])c1ccccc1","O=S(=O)(O)O.O=[N+]([O-])O.c1ccccc1","O=[N+]([O-])c1ccccc1",0.9296620456091126,-4.396018036915402,-2.0537657239917735,"True","True"
"","e-sub","O=S(=O)=O.O=S(O)(O)=O.C1=CC=CC=C1>>O=S(C2=CC=CC=C2)(O)=O","O=S(=O)=O.O=S(O)(O)=O.C1=CC=CC=C1","O=S(C2=CC=CC=C2)(O)=O","",-4.611577446696216,27.92481250360578,"O=S(=O)=O.O=S(=O)(O)O.c1ccccc1>>O=S(=O)(O)c1ccccc1","O=S(=O)=O.O=S(=O)(O)O.c1ccccc1","O=S(=O)(O)c1ccccc1",-4.611577446696216,27.92481250360578,"5f3ac7995ce6d300017215a1","5f3dc3843dc67c0001c3a0e3","Separation","O=S(=O)(O)c1ccccc1.O=S(=O)=O.O=S(=O)(O)c1ccccc1.O=S(=O)=O>>O=S(C2=CC=CC=C2)(O)=O","O=S(=O)(O)c1ccccc1.O=S(=O)=O.O=S(=O)(O)c1ccccc1.O=S(=O)=O",0.453,0.453,-7.545130844226858,-134.98346252956742,"5f3dc3ac3dc67c0001c3a117","O=S(=O)(O)c1ccccc1.O=S(=O)=O.O=S(=O)(O)c1ccccc1.O=S(=O)=O>>O=S(=O)(O)c1ccccc1","O=S(=O)(O)c1ccccc1.O=S(=O)=O.O=S(=O)(O)c1ccccc1.O=S(=O)=O",0.453,0.453,-7.545130844226858,-134.98346252956742,"5f3dc3943dc67c0001c3a109","O=S(=O)(O)O.O=S(=O)=O.c1ccccc1>>O=S(=O)(O)c1ccccc1","O=S(=O)(O)O.O=S(=O)=O.c1ccccc1","O=S(=O)(O)c1ccccc1",0.751355214059771,-4.611577446696216,27.92481250360578,"True","False"
"","e-sub","O=[N+](C1=CC=CC=C1)[O-].[O-][N+](O)=O.O=S(O)(O)=O>>O=[N+](C2=CC=CC([N+]([O-])=O)=C2)[O-]","O=[N+](C1=CC=CC=C1)[O-].[O-][N+](O)=O.O=S(O)(O)=O","O=[N+](C2=CC=CC([N+]([O-])=O)=C2)[O-]","",-4.262913355343294,-72.04585608302615,"O=[N+]([O-])c1ccccc1.O=[N+]([O-])O.O=S(=O)(O)O>>O=[N+]([O-])c1cccc([N+](=O)[O-])c1","O=[N+]([O-])c1ccccc1.O=[N+]([O-])O.O=S(=O)(O)O","O=[N+]([O-])c1cccc([N+](=O)[O-])c1",-4.262913355343294,-72.04585608302615,"5f3ac7995ce6d300017215a1","5f3dc4013dc67c0001c3a13d","Nitration","O=S(=O)(O)O.O=[N+]([O-])O.O=[N+]([O-])c1ccccc1>>O=[N+](C2=CC=CC([N+]([O-])=O)=C2)[O-]","O=S(=O)(O)O.O=[N+]([O-])O.O=[N+]([O-])c1ccccc1",0.226,0.229,-4.262913355343294,-72.04585608302612,"5f3dc4363dc67c0001c3a198","O=S(=O)(O)O.O=[N+]([O-])O.O=[N+]([O-])c1ccccc1>>O=[N+]([O-])c1cccc([N+](=O)[O-])c1","O=S(=O)(O)O.O=[N+]([O-])O.O=[N+]([O-])c1ccccc1",0.226,0.229,-4.262913355343294,-72.04585608302612,"5f3dc41d3dc67c0001c3a188","O=S(=O)(O)O.O=[N+]([O-])O.O=[N+]([O-])c1ccccc1>>O=[N+]([O-])c1cccc([N+](=O)[O-])c1","O=S(=O)(O)O.O=[N+]([O-])O.O=[N+]([O-])c1ccccc1","O=[N+]([O-])c1cccc([N+](=O)[O-])c1",0.5598524905423056,-4.262913355343294,-72.04585608302612,"True","True"
"","e-sub","O=C(OC)C1=CC=C(OC)C=C1.[O-][N+](O)=O.O=S(O)(O)=O>>COC2=CC=C(C(OC)=O)C=C2[N+]([O-])=O","O=C(OC)C1=CC=C(OC)C=C1.[O-][N+](O)=O.O=S(O)(O)=O","COC2=CC=C(C(OC)=O)C=C2[N+]([O-])=O","",-4.237246374856769,17.94623427600817,"COC(=O)c1ccc(OC)cc1.O=[N+]([O-])O.O=S(=O)(O)O>>COC(=O)c1ccc(OC)c([N+](=O)[O-])c1","COC(=O)c1ccc(OC)cc1.O=[N+]([O-])O.O=S(=O)(O)O","COC(=O)c1ccc(OC)c([N+](=O)[O-])c1",-4.237246374856769,17.94623427600817,"5f3ac7995ce6d300017215a1","5f3dc48d3dc67c0001c3a1dc","Fischer-Speier esterification","CO.COc1ccc(C(=O)O)cc1[N+](=O)[O-].O=S(=O)(O)O>>COC2=CC=C(C(OC)=O)C=C2[N+]([O-])=O","CO.COc1ccc(C(=O)O)cc1[N+](=O)[O-].O=S(=O)(O)O",0.989,1.05,-4.715451335693546,-29.01955000865388,"5f3dc4c23dc67c0001c3a25f","CO.COc1ccc(C(=O)O)cc1[N+](=O)[O-].O=S(=O)(O)O>>COC(=O)c1ccc(OC)c([N+](=O)[O-])c1","CO.COc1ccc(C(=O)O)cc1[N+](=O)[O-].O=S(=O)(O)O",0.989,1.05,-4.715451335693546,-29.01955000865388,"5f3dc4a93dc67c0001c3a24e","COC(=O)c1ccc(OC)cc1.O=S(=O)(O)O.O=[N+]([O-])O>>COC(=O)c1ccc(OC)c([N+](=O)[O-])c1","COC(=O)c1ccc(OC)cc1.O=S(=O)(O)O.O=[N+]([O-])O","COC(=O)c1ccc(OC)c([N+](=O)[O-])c1",0.9743796698486573,-4.237246374856769,17.94623427600817,"True","False"
"","e-sub","CC1=CC=C(C(C)(C)C)C=C1.O=[Mn](=O)(=O)([K])=O>>CC(C)(C)C2=CC=C(C(O)=O)C=C2","CC1=CC=C(C(C)(C)C)C=C1.O=[Mn](=O)(=O)([K])=O","CC(C)(C)C2=CC=C(C(O)=O)C=C2","",-6.358509351145013,-15.86367954099947,"Cc1ccc(C(C)(C)C)cc1.O=[Mn](=O)(=O)(=O)[K]>>CC(C)(C)c1ccc(C(=O)O)cc1","Cc1ccc(C(C)(C)C)cc1.O=[Mn](=O)(=O)(=O)[K]","CC(C)(C)c1ccc(C(=O)O)cc1",-6.358509351145013,-15.86367954099947,"5f3ac7995ce6d300017215a1","5f3dc5193dc67c0001c3a2c7","CO2H-Me deprotection","C1CCOC1.COC(=O)c1ccc(C(C)(C)C)cc1.O.[Li]O>>CC(C)(C)C2=CC=C(C(O)=O)C=C2","C1CCOC1.COC(=O)c1ccc(C(C)(C)C)cc1.O.[Li]O",0.991,0.984,-14.650265846716835,-43.50977500432691,"5f3dc54e3dc67c0001c3a34b","C1CCOC1.COC(=O)c1ccc(C(C)(C)C)cc1.O.[Li]O>>CC(C)(C)c1ccc(C(=O)O)cc1","C1CCOC1.COC(=O)c1ccc(C(C)(C)C)cc1.O.[Li]O",0.991,0.984,-14.650265846716835,-43.50977500432691,"5f3dc5353dc67c0001c3a33c","Cc1ccc(C(C)(C)C)cc1.O=[Mn](=O)(=O)(=O)[K]>>CC(C)(C)c1ccc(C(=O)O)cc1","Cc1ccc(C(C)(C)C)cc1.O=[Mn](=O)(=O)(=O)[K]","CC(C)(C)c1ccc(C(=O)O)cc1",0.9832072483929993,-6.358509351145013,-15.86367954099947,"True","False"
"","e-sub","ClC1=C([N+]([O-])=O)C=C([N+]([O-])=O)C=C1[N+]([O-])=O.CN>>O=[N+]([O-])C2=CC([N+]([O-])=O)=C(NC)C([N+]([O-])=O)=C2","ClC1=C([N+]([O-])=O)C=C([N+]([O-])=O)C=C1[N+]([O-])=O.CN","O=[N+]([O-])C2=CC([N+]([O-])=O)=C(NC)C([N+]([O-])=O)=C2","",-2.851744533589695,3.0291463456595125,"O=[N+]([O-])c1cc([N+](=O)[O-])c(Cl)c([N+](=O)[O-])c1.CN>>CNc1c([N+](=O)[O-])cc([N+](=O)[O-])cc1[N+](=O)[O-]","O=[N+]([O-])c1cc([N+](=O)[O-])c(Cl)c([N+](=O)[O-])c1.CN","CNc1c([N+](=O)[O-])cc([N+](=O)[O-])cc1[N+](=O)[O-]",-2.851744533589695,3.0291463456595125,"5f3ac7995ce6d300017215a1","5f3dc5a43dc67c0001c3a3b6","Chloro N-arylation","O=[N+]([O-])c1cc([N+](=O)[O-])c(Cl)c([N+](=O)[O-])c1.CN.CN(C)C=O>>O=[N+]([O-])C2=CC([N+]([O-])=O)=C(NC)C([N+]([O-])=O)=C2","O=[N+]([O-])c1cc([N+](=O)[O-])c(Cl)c([N+](=O)[O-])c1.CN.CN(C)C=O",0.974,1.2,-5.515375713080855,-45.278116042543815,"5f3dc5db3dc67c0001c3a3f0","O=[N+]([O-])c1cc([N+](=O)[O-])c(Cl)c([N+](=O)[O-])c1.CN.CN(C)C=O>>CNc1c([N+](=O)[O-])cc([N+](=O)[O-])cc1[N+](=O)[O-]","O=[N+]([O-])c1cc([N+](=O)[O-])c(Cl)c([N+](=O)[O-])c1.CN.CN(C)C=O",0.974,1.2,-5.515375713080855,-45.278116042543815,"5f3dc5bf3dc67c0001c3a3d9","CN.O=[N+]([O-])c1cc([N+](=O)[O-])c(Cl)c([N+](=O)[O-])c1>>CNc1c([N+](=O)[O-])cc([N+](=O)[O-])cc1[N+](=O)[O-]","CN.O=[N+]([O-])c1cc([N+](=O)[O-])c(Cl)c([N+](=O)[O-])c1","CNc1c([N+](=O)[O-])cc([N+](=O)[O-])cc1[N+](=O)[O-]",0.9833835441827246,-2.851744533589695,3.0291463456595125,"True","True"
"","e-sub","O=[N+]([O-])C1=CC([N+]([O-])=O)=C(NC)C([N+]([O-])=O)=C1.[HH].[Pd]>>NC2=CC(N)=C(NC)C(N)=C2","O=[N+]([O-])C1=CC([N+]([O-])=O)=C(NC)C([N+]([O-])=O)=C1.[HH].[Pd]","NC2=CC(N)=C(NC)C(N)=C2","",-16.05011138994797,-93.18669333419228,"CNc1c([N+](=O)[O-])cc([N+](=O)[O-])cc1[N+](=O)[O-].[HH].[Pd]>>CNc1c(N)cc(N)cc1N","CNc1c([N+](=O)[O-])cc([N+](=O)[O-])cc1[N+](=O)[O-].[HH].[Pd]","CNc1c(N)cc(N)cc1N",-16.05011138994797,-93.18669333419228,"5f3ac7995ce6d300017215a1","5f3dc6243dc67c0001c3a407","Nitro to amino","CNc1c([N+](=O)[O-])cc([N+](=O)[O-])cc1[N+](=O)[O-].[HH].[Ni]>>NC2=CC(N)=C(NC)C(N)=C2","CNc1c([N+](=O)[O-])cc([N+](=O)[O-])cc1[N+](=O)[O-].[HH].[Ni]",0.937,0.885,-14.806322925070695,-93.18669333419228,"5f3dc6583dc67c0001c3a43e","CNc1c([N+](=O)[O-])cc([N+](=O)[O-])cc1[N+](=O)[O-].[HH].[Ni]>>CNc1c(N)cc(N)cc1N","CNc1c([N+](=O)[O-])cc([N+](=O)[O-])cc1[N+](=O)[O-].[HH].[Ni]",0.937,0.885,-14.806322925070695,-93.18669333419228,"5f3dc63f3dc67c0001c3a42d","CNc1c([N+](=O)[O-])cc([N+](=O)[O-])cc1[N+](=O)[O-].[HH].[Pd]>>CNc1c(N)cc(N)cc1N","CNc1c([N+](=O)[O-])cc([N+](=O)[O-])cc1[N+](=O)[O-].[HH].[Pd]","CNc1c(N)cc(N)cc1N",0.8304653429723948,-16.05011138994797,-93.18669333419228,"True","False"
"","e-sub","ClC1=C([N+]([O-])=O)C=C([N+]([O-])=O)C=C1.[Na]OC>>ClC2=C([N+]([O-])=O)C=C([N+]([O-])=O)C=C2OC","ClC1=C([N+]([O-])=O)C=C([N+]([O-])=O)C=C1.[Na]OC","ClC2=C([N+]([O-])=O)C=C([N+]([O-])=O)C=C2OC","",-4.752213199947793,9.660149997115383,"O=[N+]([O-])c1ccc(Cl)c([N+](=O)[O-])c1.CO[Na]>>COc1cc([N+](=O)[O-])cc([N+](=O)[O-])c1Cl","O=[N+]([O-])c1ccc(Cl)c([N+](=O)[O-])c1.CO[Na]","COc1cc([N+](=O)[O-])cc([N+](=O)[O-])c1Cl",-4.752213199947793,9.660149997115383,"5f3ac7995ce6d300017215a1","5f3dc6ad3dc67c0001c3a460","Hydroxy to chloro","COc1cc([N+](=O)[O-])cc([N+](=O)[O-])c1O.O=P(Cl)(Cl)Cl>>ClC2=C([N+]([O-])=O)C=C([N+]([O-])=O)C=C2OC","COc1cc([N+](=O)[O-])cc([N+](=O)[O-])c1O.O=P(Cl)(Cl)Cl",0.962,0.829,-3.537003411874162,-43.0103420635906,"5f3dc6ed3dc67c0001c3a4f2","COc1cc([N+](=O)[O-])cc([N+](=O)[O-])c1O.O=P(Cl)(Cl)Cl>>COc1cc([N+](=O)[O-])cc([N+](=O)[O-])c1Cl","COc1cc([N+](=O)[O-])cc([N+](=O)[O-])c1O.O=P(Cl)(Cl)Cl",0.962,0.829,-3.537003411874162,-43.0103420635906,"5f3dc6d43dc67c0001c3a4e1","CO[Na].O=[N+]([O-])c1ccc(Cl)c([N+](=O)[O-])c1>>COc1ccc([N+](=O)[O-])cc1[N+](=O)[O-]","CO[Na].O=[N+]([O-])c1ccc(Cl)c([N+](=O)[O-])c1","COc1ccc([N+](=O)[O-])cc1[N+](=O)[O-]",0.9702644137489981,-5.203979918250679,-12.78463484555752,"True","False"
"","e-sub","ClC1=CC=CC=C1.[Na]N.N>>NC2=CC=CC=C2","ClC1=CC=CC=C1.[Na]N.N","NC2=CC=CC=C2","",-13.253105870886852,-5.614709844115211,"Clc1ccccc1.N[Na].N>>Nc1ccccc1","Clc1ccccc1.N[Na].N","Nc1ccccc1",-13.253105870886852,-5.614709844115211,"5f3ac7995ce6d300017215a1","5f3dc7423dc67c0001c3a539","Nitro to amino","O=[N+]([O-])c1ccccc1.[HH]>>NC2=CC=CC=C2","O=[N+]([O-])c1ccccc1.[HH]",0.741,0.744,-7.79856288223994,-46.593346667096164,"5f3dc7773dc67c0001c3a59a","O=[N+]([O-])c1ccccc1.[HH]>>Nc1ccccc1","O=[N+]([O-])c1ccccc1.[HH]",0.741,0.744,-7.79856288223994,-46.593346667096164,"5f3dc75e3dc67c0001c3a588","Clc1ccccc1.N.N[Na]>>Nc1ccccc1","Clc1ccccc1.N.N[Na]","Nc1ccccc1",0.4855045572334091,-13.253105870886852,-5.614709844115211,"True","False"
"","amine","O=C(C([N]C)C1=O)C2=C1C=CC=C2.[OH-].O>>CCN","O=C(C([N]C)C1=O)C2=C1C=CC=C2.[OH-].O","CCN","",-15.024290407020343,-70.49348119698628,"C[N]C1C(=O)c2ccccc2C1=O.[OH-].O>>CCN","C[N]C1C(=O)c2ccccc2C1=O.[OH-].O","CCN",-15.024290407020343,-70.49348119698628,"5f3ac7ad5ce6d300017215ab","5f3e928c3dc67c0001c4600d","Unrecognized","CCNC(=O)C(C)C1CC1.O.[Na+].[OH-]>>CCN","CCNC(=O)C(C)C1CC1.O.[Na+].[OH-]",0.724,0.444,-23.286619547649344,-98.07844369770744,"5f3e92e53dc67c0001c460c8","CCNC(=O)C(C)C1CC1.O.[Na+].[OH-]>>CCN","CCNC(=O)C(C)C1CC1.O.[Na+].[OH-]",0.724,0.444,-23.286619547649344,-98.07844369770744,"5f3e92cb3dc67c0001c460ae","C[N]C1C(=O)c2ccccc2C1=O.O.[OH-]>>CNC1C(=O)c2ccccc2C1=O","C[N]C1C(=O)c2ccccc2C1=O.O.[OH-]","CNC1C(=O)c2ccccc2C1=O",0.1180677645048991,-14.819184618723424,0.,"True","False"
"","amine","CCC#N.[Li+].[AlH4-].O>>CCN","CCC#N.[Li+].[AlH4-].O","CCN","",-22.86436216501796,-13.169925001442312,"CCC#N.[Li+].[AlH4-].O>>CCN","CCC#N.[Li+].[AlH4-].O","CCN",-22.86436216501796,-13.169925001442312,"5f3ac7ad5ce6d300017215ab","5f3e93463dc67c0001c46309","Unrecognized","CCNC(=O)C(C)C1CC1.O.[Na+].[OH-]>>CCN","CCNC(=O)C(C)C1CC1.O.[Na+].[OH-]",0.724,0.444,-23.286619547649344,-98.07844369770744,"5f3e93913dc67c0001c4650f","CCNC(=O)C(C)C1CC1.O.[Na+].[OH-]>>CCN","CCNC(=O)C(C)C1CC1.O.[Na+].[OH-]",0.724,0.444,-23.286619547649344,-98.07844369770744,"5f3e93783dc67c0001c464e2","CCC#N.O.[AlH4-].[Li+]>>CCCN","CCC#N.O.[AlH4-].[Li+]","CCCN",0.9990162922634636,-23.031003849492656,-7.169925001442312,"True","False"
"","amine","CC(CC1=CC=CC=C1)=O.CCCCN.[BH3-]C#N.[Na+]>>CC(NCCCC)CC2=CC=CC=C2","CC(CC1=CC=CC=C1)=O.CCCCN.[BH3-]C#N.[Na+]","CC(NCCCC)CC2=CC=CC=C2","",-15.316117955966075,-14.49022499567306,"CC(=O)Cc1ccccc1.CCCCN.[BH3-]C#N.[Na+]>>CCCCNC(C)Cc1ccccc1","CC(=O)Cc1ccccc1.CCCCN.[BH3-]C#N.[Na+]","CCCCNC(C)Cc1ccccc1",-15.316117955966075,-14.49022499567306,"5f3ac7ad5ce6d300017215ab","5f3e93f73dc67c0001c465b3","Ketone reductive amination","CC(=O)Cc1ccccc1.CCCCN.[BH3-]C#N.[Na+]>>CC(NCCCC)CC2=CC=CC=C2","CC(=O)Cc1ccccc1.CCCCN.[BH3-]C#N.[Na+]",0.965,1.23,-15.316117955966075,-14.49022499567306,"5f3e942a3dc67c0001c465f8","CC(=O)Cc1ccccc1.CCCCN.[BH3-]C#N.[Na+]>>CCCCNC(C)Cc1ccccc1","CC(=O)Cc1ccccc1.CCCCN.[BH3-]C#N.[Na+]",0.965,1.23,-15.316117955966075,-14.49022499567306,"5f3e94123dc67c0001c465e1","CC(=O)Cc1ccccc1.CCCCN.[BH3-]C#N.[Na+]>>CCCCNC(C)Cc1ccccc1","CC(=O)Cc1ccccc1.CCCCN.[BH3-]C#N.[Na+]","CCCCNC(C)Cc1ccccc1",0.970491142717223,-15.316117955966075,-14.49022499567306,"True","True"
"","amine","NC1=CC=C(C)C=C1.CC(Cl)=O>>CC2=CC=C(NC(C)=O)C=C2","NC1=CC=C(C)C=C1.CC(Cl)=O","CC2=CC=C(NC(C)=O)C=C2","",-2.3764183831430117,3.0291463456595125,"Cc1ccc(N)cc1.CC(=O)Cl>>CC(=O)Nc1ccc(C)cc1","Cc1ccc(N)cc1.CC(=O)Cl","CC(=O)Nc1ccc(C)cc1",-2.3764183831430117,3.0291463456595125,"5f3ac7ad5ce6d300017215ab","5f3e947f3dc67c0001c46621","N-acetylation","CC(=O)OC(C)=O.Cc1ccc(N)cc1.ClCCl>>CC2=CC=C(NC(C)=O)C=C2","CC(=O)OC(C)=O.Cc1ccc(N)cc1.ClCCl",0.929,0.99,-5.262961708440429,1.8592213442172039,"5f3e94b53dc67c0001c46690","CC(=O)OC(C)=O.Cc1ccc(N)cc1.ClCCl>>CC(=O)Nc1ccc(C)cc1","CC(=O)OC(C)=O.Cc1ccc(N)cc1.ClCCl",0.929,0.99,-5.262961708440429,1.8592213442172039,"5f3e949d3dc67c0001c4667c","CC(=O)Cl.Cc1ccc(N)cc1>>CC(=O)Nc1ccc(C)cc1","CC(=O)Cl.Cc1ccc(N)cc1","CC(=O)Nc1ccc(C)cc1",0.993117285724698,-2.3764183831430117,3.0291463456595125,"True","False"
"","amine","BrC1=CC=C([N+]([O-])=O)C=C1.[Sn].Cl>>BrC2=CC=C(N)C=C2","BrC1=CC=C([N+]([O-])=O)C=C1.[Sn].Cl","BrC2=CC=C(N)C=C2","",-14.264629101628662,-46.59334666709617,"O=[N+]([O-])c1ccc(Br)cc1.[Sn].Cl>>Nc1ccc(Br)cc1","O=[N+]([O-])c1ccc(Br)cc1.[Sn].Cl","Nc1ccc(Br)cc1",-14.264629101628662,-46.59334666709617,"5f3ac7ad5ce6d300017215ab","5f3e950c3dc67c0001c466fb","Nitro to amino","CC(=O)O.O=[N+]([O-])c1ccc(Br)cc1.[Fe]>>BrC2=CC=C(N)C=C2","CC(=O)O.O=[N+]([O-])c1ccc(Br)cc1.[Fe]",0.98,0.905,-8.97757522501972,-84.93319666998079,"5f3e95433dc67c0001c46782","CC(=O)O.O=[N+]([O-])c1ccc(Br)cc1.[Fe]>>Nc1ccc(Br)cc1","CC(=O)O.O=[N+]([O-])c1ccc(Br)cc1.[Fe]",0.98,0.905,-8.97757522501972,-84.93319666998079,"5f3e95293dc67c0001c4676c","Cl.O=[N+]([O-])c1ccc(Br)cc1.[Sn]>>Nc1ccc(Br)cc1","Cl.O=[N+]([O-])c1ccc(Br)cc1.[Sn]","Nc1ccc(Br)cc1",0.9870497647996537,-14.264629101628662,-46.59334666709617,"True","False"
"","amine","OC1=CC2=C(C=C1)C=CC=C2.N#[N+]C3=CC=C([N+]([O-])=O)C=C3.[Cl-]>>OC4=C(/N=N/C5=CC=C([N+]([O-])=O)C=C5)C6=C(C=C4)C=CC=C6","OC1=CC2=C(C=C1)C=CC=C2.N#[N+]C3=CC=C([N+]([O-])=O)C=C3.[Cl-]","OC4=C(/N=N/C5=CC=C([N+]([O-])=O)C=C5)C6=C(C=C4)C=CC=C6","",-10.093140890175084,26.890596788267857,"Oc1ccc2ccccc2c1.N#[N+]c1ccc([N+](=O)[O-])cc1.[Cl-]>>O=[N+]([O-])c1ccc(N=Nc2c(O)ccc3ccccc23)cc1","Oc1ccc2ccccc2c1.N#[N+]c1ccc([N+](=O)[O-])cc1.[Cl-]","O=[N+]([O-])c1ccc(N=Nc2c(O)ccc3ccccc23)cc1",-10.093140890175084,26.890596788267857,"5f3ac7ad5ce6d300017215ab","5f3e95993dc67c0001c467f2","Unrecognized","Cl.Nc1ccc([N+](=O)[O-])cc1.O=N[O-].[Na+].Oc1ccc2ccccc2c1.c1ccncc1.O=N[O-].[Na+]>>OC4=C(/N=N/C5=CC=C([N+]([O-])=O)C=C5)C6=C(C=C4)C=CC=C6","Cl.Nc1ccc([N+](=O)[O-])cc1.O=N[O-].[Na+].Oc1ccc2ccccc2c1.c1ccncc1.O=N[O-].[Na+]",0.612,0.693,-34.66104967765343,-45.40199989325143,"5f3e95d03dc67c0001c4689b","CC(=O)[O-].[Na+].CCO.Cl.Nc1ccc([N+](=O)[O-])cc1.O.O=N[O-].[Na+].Oc1ccc2ccccc2c1.CC(=O)[O-].[Na+].O=N[O-].[Na+]>>O=[N+]([O-])c1ccc(N=Nc2c(O)ccc3ccccc23)cc1","CC(=O)[O-].[Na+].CCO.Cl.Nc1ccc([N+](=O)[O-])cc1.O.O=N[O-].[Na+].Oc1ccc2ccccc2c1.CC(=O)[O-].[Na+].O=N[O-].[Na+]",0.278,0.321,-64.22849149838507,-108.34310620419788,"5f3e95b63dc67c0001c46885","N#[N+]c1ccc([N+](=O)[O-])cc1.Oc1ccc2ccccc2c1.[Cl-]>>O=[N+]([O-])c1ccc(N=Nc2c(O)ccc3ccccc23)cc1","N#[N+]c1ccc([N+](=O)[O-])cc1.Oc1ccc2ccccc2c1.[Cl-]","O=[N+]([O-])c1ccc(N=Nc2c(O)ccc3ccccc23)cc1",0.2437115641824025,-10.093140890175084,26.890596788267857,"False","False"
"","amine","C12=NC=CN=C1C=C3C(C4CNCC3C4)=C2.Cl>>C56=NC=CN=C5C=C7C(C8CC7C[NH2+]C8)=C6","C12=NC=CN=C1C=C3C(C4CNCC3C4)=C2.Cl","C56=NC=CN=C5C=C7C(C8CC7C[NH2+]C8)=C6","",-5.252340384615384,0.,"c1cnc2cc3c(cc2n1)C1CNCC3C1.Cl>>c1cnc2cc3c(cc2n1)C1C[NH2+]CC3C1","c1cnc2cc3c(cc2n1)C1CNCC3C1.Cl","c1cnc2cc3c(cc2n1)C1C[NH2+]CC3C1",-5.252340384615384,0.,"5f3ac7ad5ce6d300017215ab","5f3e96ba3dc67c0001c47224","Unrecognized","O=C(OCc1ccccc1)N1CC2CC(C1)c1cc3nccnc3cc12>>C56=NC=CN=C5C=C7C(C8CC7C[NH2+]C8)=C6","O=C(OCc1ccccc1)N1CC2CC(C1)c1cc3nccnc3cc12",0.0000155,0.0000177,1.337997182687868,-104.41829370059203,"5f3e97043dc67c0001c472b3","O=C(OCc1ccccc1)N1CC2CC(C1)c1cc3nccnc3cc12>>c1cnc2cc3c(cc2n1)C1C[NH2+]CC3C1","O=C(OCc1ccccc1)N1CC2CC(C1)c1cc3nccnc3cc12",0.0000155,0.0000177,1.337997182687868,-104.41829370059203,"5f3e96eb3dc67c0001c472a3","Cl.c1cnc2cc3c(cc2n1)C1CNCC3C1>>c1cnc2cc3c(cc2n1)C1CNCC3C1","Cl.c1cnc2cc3c(cc2n1)C1CNCC3C1","c1cnc2cc3c(cc2n1)C1CNCC3C1",0.6018381500052775,-6.251046153846153,0.,"True","True"
"","amine","[H]C(CC1=CC=CC=C1)=O.CCCN>>CCCNCCC2=CC=CC=C2","[H]C(CC1=CC=CC=C1)=O.CCCN","CCCNCCC2=CC=CC=C2","",-2.310638283494489,-0.8659188145522023,"O=CCc1ccccc1.CCCN>>CCCNCCc1ccccc1","O=CCc1ccccc1.CCCN","CCCNCCc1ccccc1",-2.310638283494489,-0.8659188145522023,"5f3ac7ad5ce6d300017215ab","5f3e975a3dc67c0001c472d6","Amide to amine reduction","CCC(=O)NCCc1ccccc1.B.C1CCOC1>>CCCNCCC2=CC=CC=C2","CCC(=O)NCCc1ccccc1.B.C1CCOC1",0.987,1.13,-10.500148359199946,-56.33985000288463,"5f3e97903dc67c0001c4732d","CCC(=O)NCCc1ccccc1.B.C1CCOC1>>CCCNCCc1ccccc1","CCC(=O)NCCc1ccccc1.B.C1CCOC1",0.987,1.13,-10.500148359199946,-56.33985000288463,"5f3e97783dc67c0001c4731c","CCCN.O=CCc1ccccc1>>CCCNCCc1ccccc1","CCCN.O=CCc1ccccc1","CCCNCCc1ccccc1",0.8311693273837668,-2.310638283494489,-0.8659188145522023,"True","False"
"","amine","CCCCCCC(N)C.CI.[O-2].[Ag+].[Ag+]>>CCCCCCC=C","CCCCCCC(N)C.CI.[O-2].[Ag+].[Ag+]","CCCCCCC=C","",-29.11492878200631,-49.10819104110149,"CCCCCCC(C)N.CI.[O-2].[Ag+].[Ag+]>>C=CCCCCCC","CCCCCCC(C)N.CI.[O-2].[Ag+].[Ag+]","C=CCCCCCC",-29.11492878200631,-49.10819104110149,"5f3ac7ad5ce6d300017215ab","5f3e97e73dc67c0001c47369","Unrecognized","C#CCCCCCCC.N.[Na]>>CCCCCCC=C","C#CCCCCCCC.N.[Na]",0.0211,0.0195,-15.422470407522173,-7.415037499278846,"5f3e981b3dc67c0001c473d2","C#CCCCCCCC.N.[Na]>>C=CCCCCCC","C#CCCCCCCC.N.[Na]",0.0211,0.0195,-15.422470407522173,-7.415037499278846,"5f3e98023dc67c0001c473bf","CCCCCCC(C)N.CI.[Ag+].[Ag+].[O-2]>>CCCCCCC(C)NC","CCCCCCC(C)N.CI.[Ag+].[Ag+].[O-2]","CCCCCCC(C)NC",0.9087944229090845,-28.656071434633116,3.0291463456595267,"True","False"
