"reaction number","true rclass","true reaction smiles","true prod","pred reaction smiles","pred prod","conf","projID","predID","T1 Correct","T2 Correct","T3 Correct","T4 Correct","T5 Correct","true_deltaCM","true_deltaSA","fwdpredo_deltaCM","fwdpredo_deltaSA"
1,"substitution","CCCl.[OH-]>>CCO","CCO","CCCl.[OH-]>>CCO","CCO",0.3927933598874407,"5ff2225c9bc90d0001c2fd9d","600e35dcec44ea0001cd7163","True","True","True","True","True",-0.4447848426728953,-8.880650003338808,-0.4447848426728953,-8.880650003338808
2,"substitution","CC(C)CBr.[O-]C>>CC(C)COC","CC(C)COC","CC(C)CBr.C[O-]>>COCC(C)C","COCC(C)C",0.9998290828495252,"5ff2225c9bc90d0001c2fd9d","600e3601ec44ea0001cd71a6","True","True","True","True","True",3.555215157327112,-4.119378200504042,3.555215157327112,-4.119378200504042
3,"substitution","BrCCC1COCCC1.N>>NCCC2COCCC2","NCCC2COCCC2","BrCCC1CCCOC1.N>>NCCC1CCCOC1","NCCC1CCCOC1",0.9998762709154503,"5ff2225c9bc90d0001c2fd9d","600e361aec44ea0001cd71d2","True","True","True","True","True",-0.9708536543404875,-6.923015976331358,-0.9708536543404875,-6.923015976331358
4,"substitution","BrC(C)(C)C.[O-]C(C)=O>>CC(C)(C)OC(C)=O","CC(C)(C)OC(C)=O","CC(=O)[O-].CC(C)(C)Br>>CC(=O)OC(C)(C)C","CC(=O)OC(C)(C)C",0.8976912377214674,"5ff2225c9bc90d0001c2fd9d","600e3633ec44ea0001cd71f8","True","True","True","True","True",3.555215157327112,-3.424613584271383,3.555215157327112,-3.424613584271383
5,"substitution","C[C@H]1CC[C@@H](Br)CC1.[C-]#N>>C[C@H]2CC[C@H](C#N)CC2","C[C@H]2CC[C@H](C#N)CC2","C[C@H]1CC[C@@H](Br)CC1.[C-]#N>>C[C@H]1CC[C@H](C#N)CC1","C[C@H]1CC[C@H](C#N)CC1",0.8509760402823976,"5ff2225c9bc90d0001c2fd9d","600e364bec44ea0001cd7221","True","True","True","True","True",-7.539522347721004,-5.300786451828964,-7.539522347721004,-5.300786451828964
6,"substitution","CCC(CO)N.ClCCCl.NC(CC)CO>>CCC(CO)NCCNC(CO)CC","CCC(CO)NCCNC(CO)CC","CCC(N)CO.CCC(N)CO.ClCCCl>>CCC1COC(CC)N1","CCC1COC(CC)N1",0.31059872646622244,"5ff2225c9bc90d0001c2fd9d","600e369cec44ea0001cd7295","False","False","False","False","False",-69.80418485421141,-5.600252415324029,-0.10493483978828522,-4.489087309580084
7,"substitution","O=C(C1=CC=C([O-])C=C1)OC.ClCCN2CCCCC2>>O=C(C3=CC=C(OCCN4CCCCC4)C=C3)OC","O=C(C3=CC=C(OCCN4CCCCC4)C=C3)OC","COC(=O)c1ccc([O-])cc1.ClCCN1CCCCC1>>COC(=O)c1ccc(OCCN2CCCCC2)cc1","COC(=O)c1ccc(OCCN2CCCCC2)cc1",0.9999709135891981,"5ff2225c9bc90d0001c2fd9d","600e36b5ec44ea0001cd72c1","True","True","True","True","True",3.5552151573270976,-2.849520282192998,3.5552151573270976,-2.849520282192998
8,"substitution","ClC1=CC=C(OC(Cl)C(Cl)C2)C2=C1.CO>>ClC3=CC=C(OC(OC)C(Cl)C4)C4=C3","ClC3=CC=C(OC(OC)C(Cl)C4)C4=C3","CO.Clc1ccc2c(c1)CC(Cl)C(Cl)O2>>COC1Oc2ccc(Cl)cc2CC1Cl","COC1Oc2ccc(Cl)cc2CC1Cl",0.9703864420808853,"5ff2225c9bc90d0001c2fd9d","600e36ceec44ea0001cd72ec","True","True","True","True","True",-17.954559846999842,-2.900534479715784,-17.954559846999842,-2.900534479715784
9,"substitution","[2H]C[C@](C)(CC)I.[H]O[H]>>[2H]C[C@](C)(CC)O.CC[C@](C)(C[2H])O","[2H]C[C@](C)(CC)O.CC[C@](C)(C[2H])O","O.[2H]C[C@@](C)(I)CC>>[2H]C[C@](C)(O)CC","[2H]C[C@](C)(O)CC",0.4642623977778588,"5ff2225c9bc90d0001c2fd9d","600e36e7ec44ea0001cd7312","True","True","True","True","True",80.7251401587694,-2.001943930791855,-0.4447848426729024,-6.669077828054298
10,"substitution","CCC[C@](Cl)(C)CC.[H]O[H]>>CCC[C@](O)(C)CC.CC[C@@](C)(O)CCC","CCC[C@](O)(C)CC.CC[C@@](C)(O)CCC","CCC[C@@](C)(Cl)CC.O>>CCC[C@@](C)(O)CC","CCC[C@@](C)(O)CC",0.5862352770254822,"5ff2225c9bc90d0001c2fd9d","600e36ffec44ea0001cd733b","True","True","True","True","True",92.7251401587694,-3.3918416756888004,-0.4447848426729024,-6.32272076923077
11,"elimination","CCCCBr.[O-]C(C)(C)C>>CCC=C","CCC=C","CC(C)(C)[O-].CCCCBr>>CCCCOC(C)(C)C","CCCCOC(C)(C)C",0.9898606130189354,"5ff235309bc90d0001c30b1b","600e3b22ec44ea0001cd7a94","False","False","False","False","False",-37.61470984411521,-2.610543185564369,3.5552151573271047,-3.3076308669472603
12,"elimination","CC(C)(Cl)CC.CO>>C/C(C)=C/C","C/C(C)=C/C","CCC(C)(C)Cl.CO>>CCC(C)(C)OC","CCC(C)(C)OC",0.9749247330810811,"5ff235309bc90d0001c30b1b","600e3b3bec44ea0001cd7ac3","False","False","False","False","False",-29.614709844115207,-2.6570676104985615,3.5552151573271047,-2.5891106621246323
13,"elimination","ClC(C1=CC=CC=C1)(Cl)CC2=CC=CC=C2.[Na+].[NH2-]>>C3(C#CC4=CC=CC=C4)=CC=CC=C3","C3(C#CC4=CC=CC=C4)=CC=CC=C3","ClC(Cl)(Cc1ccccc1)c1ccccc1.[NH2-].[Na+]>>N#CCc1ccccc1","N#CCc1ccccc1",0.4518241588295699,"5ff235309bc90d0001c30b1b","600e3b53ec44ea0001cd7aea","False","False","False","False","False",-39.19967234483637,-17.472108429095258,-31.725741156503958,-17.37637038475666
14,"elimination","BrCCC1CCCCC1.[O-]C(C)(C)C>>C=CC2CCCCC2","C=CC2CCCCC2","BrCCC1CCCCC1.CC(C)(C)[O-]>>C=CC1CCCCC1","C=CC1CCCCC1",0.9209947060214693,"5ff235309bc90d0001c30b1b","600e3b6bec44ea0001cd7b14","True","True","True","True","True",-37.614709844115204,-2.677483382070111,-37.614709844115204,-2.677483382070111
15,"elimination","CCC1C(Cl)CCC1.[O-]CC>>CCC2=CCCC2","CCC2=CCCC2","CCC1CCCC1Cl.CC[O-]>>CCOC1CCCC1CC","CCOC1CCCC1CC",0.9997647296867614,"5ff235309bc90d0001c30b1b","600e3b84ec44ea0001cd7b3e","False","False","False","False","False",-70.14403485709603,-4.529592540708993,3.5552151573270976,-4.135825572703959
16,"elimination","IC1(C)CCCCC1.[OH-]>>CC2=CCCCC2","CC2=CCCCC2","CC1(I)CCCCC1.[OH-]>>CC1(O)CCCCC1","CC1(O)CCCCC1",0.9902768018786431,"5ff235309bc90d0001c30b1b","600e3bd4ec44ea0001cd7ba7","False","True","True","True","True",-1.4447848426729024,-9.251337614262516,-0.4447848426729024,-9.240085667674473
17,"elimination","OC(CC1CCN(C(C2=CC=CC=C2)=O)CC1CCCl)=O.[O-]C(C)(C)C>>OC(CC3CCN(C(C4=CC=CC=C4)=O)CC3C=C)=O","OC(CC3CCN(C(C4=CC=CC=C4)=O)CC3C=C)=O","CC(C)(C)[O-].O=C(O)CC1CCN(C(=O)c2ccccc2)CC1CCCl>>C=CC1CN(C(=O)c2ccccc2)CCC1CC(=O)O","C=CC1CN(C(=O)c2ccccc2)CCC1CC(=O)O",0.29322977191288985,"5ff235309bc90d0001c30b1b","600e3becec44ea0001cd7bd3","True","True","True","True","True",-37.614709844115225,-2.865734047709056,-37.614709844115225,-2.865734047709056
18,"elimination","ClC1CCCCC1.[O-]CC>>C2C=CCCC2","C2C=CCCC2","CC[O-].ClC1CCCCC1>>CCOC1CCCCC1","CCOC1CCCCC1",0.9994156163676151,"5ff235309bc90d0001c30b1b","600e3c06ec44ea0001cd7bfd","False","False","False","False","False",-34.95455984699983,-3.615112384565209,3.555215157327112,-4.1776770558033265
19,"elimination","CCC(CC)(Br)CC.[O-]CC>>CC/C(CC)=C/C","CC/C(CC)=C/C","CCC(Br)(CC)CC.CC[O-]>>CCOC(CC)(CC)CC","CCOC(CC)(CC)CC",0.9984127067302283,"5ff235309bc90d0001c30b1b","600e3c1eec44ea0001cd7c29","False","False","False","False","False",-27.614709844115207,-4.163657936271977,3.5552151573271047,-4.261438191623502
20,"elimination","CC(C)(C(Br)CBr)C.[O-]C(C)(C)C>>CC(C)(C#C)C","CC(C)(C#C)C","CC(C)(C)C(Br)CBr.CC(C)(C)[O-]>>C=C(Br)C(C)(C)C","C=C(Br)C(C)(C)C",0.5488991338415387,"5ff235309bc90d0001c30b1b","600e3c37ec44ea0001cd7c50","True","False","False","False","True",-78.83393219760544,-3.703633869306863,-57.804184854211385,-3.7189415411281175
21,"grignard","Br[Mg]C1=CC=CC=C1.OC>>C2=CC=CC=C2","C2=CC=CC=C2","Br[Mg]c1ccccc1.CO>>{""""""""""""""""""""""""""""""""""""""""""""""""""""""""""""""""""""""""""""""""""""""""""""""""""""""""""""""""""""""""""""""""""""""""""""""""""""""""""""""""""""""""""""""""""""""""""""""""""""""""""""""""""""""""""""""""""""""""""""""""""""""""""""""""""""""""""""""""""""""""""""""""""""""""""""""""""""""""""""""""""""""""""""""""""""""""""""""""""""""""""""""""""""""""""""""""""""""""""""""""""""""""""""""""""""""""""""""""""""""""""""""""""""""""""""""""""""""""""""""""""""""""""""""""""""""""""""""""Br[Mg]c1ccccc1.CO""""""""""""""""""""""""""""""""""""""""""""""""""""""""""""""""""""""""""""""""""""""""""""""""""""""""""""""""""""""""""""""""""""""""""""""""""""""""""""""""""""""""""""""""""""""""""""""""""""""""""""""""""""""""""""""""""""""""""""""""""""""""""""""""""""""""""""""""""""""""""""""""""""""""""""""""""""""""""""""""""""""""""""""""""""""""""""""""""""""""""""""""""""""""""""""""""""""""""""""""""""""""""""""""""""""""""""""""""""""""""""""""""""""""""""""""""""""""""""""""""""""""""""""""""""""""""""""""}[[2]]","{""""""""""""""""""""""""""""""""""""""""""""""""""""""""""""""""""""""""""""""""""""""""""""""""""""""""""""""""""""""""""""""""""""""""""""""""""""""""""""""""""""""""""""""""""""""""""""""""""""""""""""""""""""""""""""""""""""""""""""""""""""""""""""""""""""""""""""""""""""""""""""""""""""""""""""""""""""""""""""""""""""""""""""""""""""""""""""""""""""""""""""""""""""""""""""""""""""""""""""""""""""""""""""""""""""""""""""""""""""""""""""""""""""""""""""""""""""""""""""""""""""""""""""""""""""""""""""""""Br[Mg]c1ccccc1.CO""""""""""""""""""""""""""""""""""""""""""""""""""""""""""""""""""""""""""""""""""""""""""""""""""""""""""""""""""""""""""""""""""""""""""""""""""""""""""""""""""""""""""""""""""""""""""""""""""""""""""""""""""""""""""""""""""""""""""""""""""""""""""""""""""""""""""""""""""""""""""""""""""""""""""""""""""""""""""""""""""""""""""""""""""""""""""""""""""""""""""""""""""""""""""""""""""""""""""""""""""""""""""""""""""""""""""""""""""""""""""""""""""""""""""""""""""""""""""""""""""""""""""""""""""""""""""""""""}[[2]]",0.7819854784308188,"5ff235459bc90d0001c30b2d","600efc79ec44ea0001ced2b8","False","False","False","False","False",-49.95455984699983,-5.416346483378024,0,0
22,"grignard","[H]C([H])=O.C[Mg]Br>>[H]C(O)([H])C","[H]C(O)([H])C","C=O.C[Mg]Br>>{""""""""""""""""""""""""""""""""""""""""""""""""""""""""""""""""""""""""""""""""""""""""""""""""""""""""""""""""""""""""""""""""""""""""""""""""""""""""""""""""""""""""""""""""""""""""""""""""""""""""""""""""""""""""""""""""""""""""""""""""""""""""""""""""""""""""""""""""""""""""""""""""""""""""""""""""""""""""""""""""""""""""""""""""""""""""""""""""""""""""""""""""""""""""""""""""""""""""""""""""""""""""""""""""""""""""""""""""""""""""""""""""""""""""""""""""""""""""""""""""""""""""""""""""""""""""""""""""C=O.C[Mg]Br""""""""""""""""""""""""""""""""""""""""""""""""""""""""""""""""""""""""""""""""""""""""""""""""""""""""""""""""""""""""""""""""""""""""""""""""""""""""""""""""""""""""""""""""""""""""""""""""""""""""""""""""""""""""""""""""""""""""""""""""""""""""""""""""""""""""""""""""""""""""""""""""""""""""""""""""""""""""""""""""""""""""""""""""""""""""""""""""""""""""""""""""""""""""""""""""""""""""""""""""""""""""""""""""""""""""""""""""""""""""""""""""""""""""""""""""""""""""""""""""""""""""""""""""""""""""""""""""}[[2]]","{""""""""""""""""""""""""""""""""""""""""""""""""""""""""""""""""""""""""""""""""""""""""""""""""""""""""""""""""""""""""""""""""""""""""""""""""""""""""""""""""""""""""""""""""""""""""""""""""""""""""""""""""""""""""""""""""""""""""""""""""""""""""""""""""""""""""""""""""""""""""""""""""""""""""""""""""""""""""""""""""""""""""""""""""""""""""""""""""""""""""""""""""""""""""""""""""""""""""""""""""""""""""""""""""""""""""""""""""""""""""""""""""""""""""""""""""""""""""""""""""""""""""""""""""""""""""""""""""C=O.C[Mg]Br""""""""""""""""""""""""""""""""""""""""""""""""""""""""""""""""""""""""""""""""""""""""""""""""""""""""""""""""""""""""""""""""""""""""""""""""""""""""""""""""""""""""""""""""""""""""""""""""""""""""""""""""""""""""""""""""""""""""""""""""""""""""""""""""""""""""""""""""""""""""""""""""""""""""""""""""""""""""""""""""""""""""""""""""""""""""""""""""""""""""""""""""""""""""""""""""""""""""""""""""""""""""""""""""""""""""""""""""""""""""""""""""""""""""""""""""""""""""""""""""""""""""""""""""""""""""""""""""}[[2]]",0.8577870337086403,"5ff235459bc90d0001c30b2d","600efc91ec44ea0001ced2ee","False","True","True","True","True",-14.78463484555752,-8.627752534334006,0,0
23,"grignard","CCC([H])=O.CC[Mg]Br>>CCC(O)CC","CCC(O)CC","CCC=O.CC[Mg]Br>>CCC(O)CC","CCC(O)CC",0.9999800923413925,"5ff235459bc90d0001c30b2d","600efca9ec44ea0001ced31d","True","True","True","True","True",-33.61470984411521,-5.870343236957494,-33.61470984411521,-5.870343236957494
24,"grignard","[H]C(C1=CC=CC=C1)=O.CC(CCOC)[Mg]Br>>OC(C(C)CCOC)C2=CC=CC=C2","OC(C(C)CCOC)C2=CC=CC=C2","COCCC(C)[Mg]Br.O=Cc1ccccc1>>COCCC(C)C(O)c1ccccc1","COCCC(C)C(O)c1ccccc1",0.9997973849059294,"5ff235459bc90d0001c30b2d","600efcc2ec44ea0001ced340","True","True","True","True","True",-12.444784842672902,-3.484313196711242,-12.444784842672902,-3.484313196711242
25,"grignard","CC(Cl)=O.CC[Mg]Cl>>CCC(C)(O)CC","CCC(C)(O)CC","CC(=O)Cl.CC[Mg]Cl>>{""""""""""""""""""""""""""""""""""""""""""""""""""""""""""""""""""""""""""""""""""""""""""""""""""""""""""""""""""""""""""""""""""""""""""""""""""""""""""""""""""""""""""""""""""""""""""""""""""""""""""""""""""""""""""""""""""""""""""""""""""""""""""""""""""""""""""""""""""""""""""""""""""""""""""""""""""""""""""""""""""""""""""""""""""""""""""""""""""""""""""""""""""""""""""""""""""""""""""""""""""""""""""""""""""""""""""""""""""""""""""""""""""""""""""""""""""""""""""""""""""""""""""""""""""""""""""""""""CC(=O)Cl.CC[Mg]Cl""""""""""""""""""""""""""""""""""""""""""""""""""""""""""""""""""""""""""""""""""""""""""""""""""""""""""""""""""""""""""""""""""""""""""""""""""""""""""""""""""""""""""""""""""""""""""""""""""""""""""""""""""""""""""""""""""""""""""""""""""""""""""""""""""""""""""""""""""""""""""""""""""""""""""""""""""""""""""""""""""""""""""""""""""""""""""""""""""""""""""""""""""""""""""""""""""""""""""""""""""""""""""""""""""""""""""""""""""""""""""""""""""""""""""""""""""""""""""""""""""""""""""""""""""""""""""""""""}[[2]]","{""""""""""""""""""""""""""""""""""""""""""""""""""""""""""""""""""""""""""""""""""""""""""""""""""""""""""""""""""""""""""""""""""""""""""""""""""""""""""""""""""""""""""""""""""""""""""""""""""""""""""""""""""""""""""""""""""""""""""""""""""""""""""""""""""""""""""""""""""""""""""""""""""""""""""""""""""""""""""""""""""""""""""""""""""""""""""""""""""""""""""""""""""""""""""""""""""""""""""""""""""""""""""""""""""""""""""""""""""""""""""""""""""""""""""""""""""""""""""""""""""""""""""""""""""""""""""""""""CC(=O)Cl.CC[Mg]Cl""""""""""""""""""""""""""""""""""""""""""""""""""""""""""""""""""""""""""""""""""""""""""""""""""""""""""""""""""""""""""""""""""""""""""""""""""""""""""""""""""""""""""""""""""""""""""""""""""""""""""""""""""""""""""""""""""""""""""""""""""""""""""""""""""""""""""""""""""""""""""""""""""""""""""""""""""""""""""""""""""""""""""""""""""""""""""""""""""""""""""""""""""""""""""""""""""""""""""""""""""""""""""""""""""""""""""""""""""""""""""""""""""""""""""""""""""""""""""""""""""""""""""""""""""""""""""""""""}[[2]]",0.9996840487974856,"5ff235459bc90d0001c30b2d","600efcdaec44ea0001ced384","False","False","False","False","False",-43.22941968823042,-5.211414135371157,0,0
26,"grignard","O=C(OCC)C1CCCCC1.C[Mg]I>>OC(C)(C)C2CCCCC2","OC(C)(C)C2CCCCC2","CCOC(=O)C1CCCCC1.C[Mg]I>>CC(C)(O)C1CCCCC1","CC(C)(O)C1CCCCC1",0.9999662645911294,"5ff235459bc90d0001c30b2d","600efd29ec44ea0001ced415","True","True","True","True","True",-49.95455984699984,-6.223982383773654,-49.95455984699984,-6.223982383773654
27,"grignard","O=C(OC)C1=CC=CC=C1.CCC[Mg]Br>>OC(CCC)(CCC)C2=CC=CC=C2","OC(CCC)(CCC)C2=CC=CC=C2","CCC[Mg]Br.COC(=O)c1ccccc1>>{""""""""""""""""""""""""""""""""""""""""""""""""""""""""""""""""""""""""""""""""""""""""""""""""""""""""""""""""""""""""""""""""""""""""""""""""""""""""""""""""""""""""""""""""""""""""""""""""""""""""""""""""""""""""""""""""""""""""""""""""""""""""""""""""""""""""""""""""""""""""""""""""""""""""""""""""""""""""""""""""""""""""""""""""""""""""""""""""""""""""""""""""""""""""""""""""""""""""""""""""""""""""""""""""""""""""""""""""""""""""""""""""""""""""""""""""""""""""""""""""""""""""""""""""""""""""""""""""CCC[Mg]Br.COC(=O)c1ccccc1""""""""""""""""""""""""""""""""""""""""""""""""""""""""""""""""""""""""""""""""""""""""""""""""""""""""""""""""""""""""""""""""""""""""""""""""""""""""""""""""""""""""""""""""""""""""""""""""""""""""""""""""""""""""""""""""""""""""""""""""""""""""""""""""""""""""""""""""""""""""""""""""""""""""""""""""""""""""""""""""""""""""""""""""""""""""""""""""""""""""""""""""""""""""""""""""""""""""""""""""""""""""""""""""""""""""""""""""""""""""""""""""""""""""""""""""""""""""""""""""""""""""""""""""""""""""""""""""}[[2]]","{""""""""""""""""""""""""""""""""""""""""""""""""""""""""""""""""""""""""""""""""""""""""""""""""""""""""""""""""""""""""""""""""""""""""""""""""""""""""""""""""""""""""""""""""""""""""""""""""""""""""""""""""""""""""""""""""""""""""""""""""""""""""""""""""""""""""""""""""""""""""""""""""""""""""""""""""""""""""""""""""""""""""""""""""""""""""""""""""""""""""""""""""""""""""""""""""""""""""""""""""""""""""""""""""""""""""""""""""""""""""""""""""""""""""""""""""""""""""""""""""""""""""""""""""""""""""""""""""CCC[Mg]Br.COC(=O)c1ccccc1""""""""""""""""""""""""""""""""""""""""""""""""""""""""""""""""""""""""""""""""""""""""""""""""""""""""""""""""""""""""""""""""""""""""""""""""""""""""""""""""""""""""""""""""""""""""""""""""""""""""""""""""""""""""""""""""""""""""""""""""""""""""""""""""""""""""""""""""""""""""""""""""""""""""""""""""""""""""""""""""""""""""""""""""""""""""""""""""""""""""""""""""""""""""""""""""""""""""""""""""""""""""""""""""""""""""""""""""""""""""""""""""""""""""""""""""""""""""""""""""""""""""""""""""""""""""""""""""}[[2]]",0.9999836684825201,"5ff235459bc90d0001c30b2d","600efd41ec44ea0001ced435","False","False","False","False","False",-43.95455984699983,-4.535546368681712,0,0
28,"grignard","C[Mg]Br.O=C=O>>CC(O)=O","CC(O)=O","C[Mg]Br.O=C=O>>CC(=O)O","CC(=O)O",0.6575425061247873,"5ff235459bc90d0001c30b2d","600efd5aec44ea0001ced47c","True","True","True","True","True",1.5552151573271047,-8.456891030801986,1.5552151573271047,-8.456891030801986
29,"grignard","Br[Mg]C1=CC=CC=C1.C2CO2>>OCCC3=CC=CC=C3","OCCC3=CC=CC=C3","Br[Mg]c1ccccc1.C1CO1>>OCCc1ccccc1","OCCc1ccccc1",0.9996043323849835,"5ff235459bc90d0001c30b2d","600efd73ec44ea0001ced4b8","True","True","True","True","True",-21.614709844115197,-4.25005975137483,-21.614709844115197,-4.25005975137483
30,"grignard","O=C1C=CCCC1.CC[Mg]Br>>OC2(CC)C=CCCC2","OC2(CC)C=CCCC2","CC[Mg]Br.O=C1C=CCCC1>>CCC1CCCC(=O)C1","CCC1CCCC(=O)C1",0.5638176854310505,"5ff235459bc90d0001c30b2d","600efd8bec44ea0001ced4f0","False","True","True","True","True",14.385290155884789,-4.489858324077912,-10.444784842672902,-5.672142631770219
31,"organocopper","CC(C)CC(Cl)=O.CC[Cu-]CC.[Li+]>>CC(C)CC(CC)=O","CC(C)CC(CC)=O","CC(C)CC(=O)Cl.CC[Cu-]CC.[Li+]>>CCCCC(=O)CC(C)C","CCCCC(=O)CC(C)C",0.6270004871072649,"5ff235ad9bc90d0001c30b78","600effa2ec44ea0001ced83f","False","False","False","False","False",-32.53357308138981,-13.795977683050257,-20.533573081389818,-13.958551380417473
32,"organocopper","ClC(CCC)=O.C[Cu-]C.[Li+]>>CC(CCC)=O","CC(CCC)=O","CCCC(=O)Cl.C[Cu-]C.[Li+]>>CCCC(=O)CC","CCCC(=O)CC",0.7502070624290236,"5ff235ad9bc90d0001c30b78","600effbaec44ea0001ced875","False","True","True","True","True",-28.533573081389804,-14.895747807865755,-22.533573081389804,-14.924530154243222
33,"organocopper","C[Cu-]C.C1CO1.[Li+]>>CCCO","CCCO","C1CO1.C[Cu-]C.[Li+]>>CCCO","CCCO",0.5309753012313878,"5ff235ad9bc90d0001c30b78","600effd2ec44ea0001ced893","True","True","True","True","True",-6.918863237274596,-14.34365916267012,-6.918863237274596,-14.34365916267012
34,"organocopper","CC1=CCCC1=O.C=C[Cu-]C=C.[Li+]>>CC2C(C=C)CCC2=O","CC2C(C=C)CCC2=O","C=C[Cu-]C=C.CC1=CCCC1=O.[Li+]>>CC12CC=CCC1CCC2=O","CC12CC=CCC1CCC2=O",0.5396343228313593,"5ff235ad9bc90d0001c30b78","600effebec44ea0001ced8ce","False","False","False","False","False",7.76083676849467,-13.157839120888156,34.42098676561005,-13.144631121841297
35,"organocopper","CCC(C=C)=O.C[Cu-]C.[Li+]>>CCC(CCC)=O","CCC(CCC)=O","C=CC(=O)CC.C[Cu-]C.[Li+]>>CCCC(=O)CC","CCCC(=O)CC",0.7903776629791427,"5ff235ad9bc90d0001c30b78","600f0003ec44ea0001ced908","True","True","True","True","True",-9.088788238716909,-15.397404000397067,-9.088788238716909,-15.397404000397067
36,"organocopper","ClC(C)=O.CC(C)C[Cu-]CC(C)C.[Li+]>>CC(C)CC(C)=O","CC(C)CC(C)=O","CC(=O)Cl.CC(C)C[Cu-]CC(C)C.[Li+]>>{""""""""""""""""""""""""""""""""""""""""""""""""""""""""""""""""""""""""""""""""""""""""""""""""""""""""""""""""""""""""""""""""""""""""""""""""""""""""""""""""""""""""""""""""""""""""""""""""""""""""""""""""""""""""""""""""""""""""""""""""""""""""""""""""""""""""""""""""""""""""""""""""""""""""""""""""""""""""""""""""""""""""""""""""""""""""""""""""""""""""""""""""""""""""""""""""""""""""""""""""""""""""""""""""""""""""""""""""""""""""""""""""""""""""""""""""""""""""""""""""""""""""""""""""""""""""""""""""CC(=O)Cl.CC(C)C[Cu-]CC(C)C.[Li+]""""""""""""""""""""""""""""""""""""""""""""""""""""""""""""""""""""""""""""""""""""""""""""""""""""""""""""""""""""""""""""""""""""""""""""""""""""""""""""""""""""""""""""""""""""""""""""""""""""""""""""""""""""""""""""""""""""""""""""""""""""""""""""""""""""""""""""""""""""""""""""""""""""""""""""""""""""""""""""""""""""""""""""""""""""""""""""""""""""""""""""""""""""""""""""""""""""""""""""""""""""""""""""""""""""""""""""""""""""""""""""""""""""""""""""""""""""""""""""""""""""""""""""""""""""""""""""""""}[[2]]","{""""""""""""""""""""""""""""""""""""""""""""""""""""""""""""""""""""""""""""""""""""""""""""""""""""""""""""""""""""""""""""""""""""""""""""""""""""""""""""""""""""""""""""""""""""""""""""""""""""""""""""""""""""""""""""""""""""""""""""""""""""""""""""""""""""""""""""""""""""""""""""""""""""""""""""""""""""""""""""""""""""""""""""""""""""""""""""""""""""""""""""""""""""""""""""""""""""""""""""""""""""""""""""""""""""""""""""""""""""""""""""""""""""""""""""""""""""""""""""""""""""""""""""""""""""""""""""""""CC(=O)Cl.CC(C)C[Cu-]CC(C)C.[Li+]""""""""""""""""""""""""""""""""""""""""""""""""""""""""""""""""""""""""""""""""""""""""""""""""""""""""""""""""""""""""""""""""""""""""""""""""""""""""""""""""""""""""""""""""""""""""""""""""""""""""""""""""""""""""""""""""""""""""""""""""""""""""""""""""""""""""""""""""""""""""""""""""""""""""""""""""""""""""""""""""""""""""""""""""""""""""""""""""""""""""""""""""""""""""""""""""""""""""""""""""""""""""""""""""""""""""""""""""""""""""""""""""""""""""""""""""""""""""""""""""""""""""""""""""""""""""""""""""}[[2]]",0.4041317809941805,"5ff235ad9bc90d0001c30b78","600f0053ec44ea0001ced994","False","False","False","False","False",-34.53357308138981,-12.540758010155885,0,0
37,"organocopper","CC(C=C)=O.C1([Cu-]C2=CC=CC=C2)=CC=CC=C1.[Li+]>>CC(CCC3=CC=CC=C3)=O","CC(CCC3=CC=CC=C3)=O","C=CC(C)=O.[Li+].c1ccc([Cu-]c2ccccc2)cc1>>CC(=O)CCc1ccccc1","CC(=O)CCc1ccccc1",0.8250186147317452,"5ff235ad9bc90d0001c30b78","600f006bec44ea0001ced9c8","True","True","True","True","True",-29.428638241601533,-12.390081158923989,-29.428638241601533,-12.390081158923989
38,"organocopper","CC(Cl)=O.CCC[Cu-]CCC.[Li+]>>CC(CCC)=O","CC(CCC)=O","CC(=O)Cl.CCC[Cu-]CCC.[Li+]>>{""""""""""""""""""""""""""""""""""""""""""""""""""""""""""""""""""""""""""""""""""""""""""""""""""""""""""""""""""""""""""""""""""""""""""""""""""""""""""""""""""""""""""""""""""""""""""""""""""""""""""""""""""""""""""""""""""""""""""""""""""""""""""""""""""""""""""""""""""""""""""""""""""""""""""""""""""""""""""""""""""""""""""""""""""""""""""""""""""""""""""""""""""""""""""""""""""""""""""""""""""""""""""""""""""""""""""""""""""""""""""""""""""""""""""""""""""""""""""""""""""""""""""""""""""""""""""""""""CC(=O)Cl.CCC[Cu-]CCC.[Li+]""""""""""""""""""""""""""""""""""""""""""""""""""""""""""""""""""""""""""""""""""""""""""""""""""""""""""""""""""""""""""""""""""""""""""""""""""""""""""""""""""""""""""""""""""""""""""""""""""""""""""""""""""""""""""""""""""""""""""""""""""""""""""""""""""""""""""""""""""""""""""""""""""""""""""""""""""""""""""""""""""""""""""""""""""""""""""""""""""""""""""""""""""""""""""""""""""""""""""""""""""""""""""""""""""""""""""""""""""""""""""""""""""""""""""""""""""""""""""""""""""""""""""""""""""""""""""""""""}[[2]]","{""""""""""""""""""""""""""""""""""""""""""""""""""""""""""""""""""""""""""""""""""""""""""""""""""""""""""""""""""""""""""""""""""""""""""""""""""""""""""""""""""""""""""""""""""""""""""""""""""""""""""""""""""""""""""""""""""""""""""""""""""""""""""""""""""""""""""""""""""""""""""""""""""""""""""""""""""""""""""""""""""""""""""""""""""""""""""""""""""""""""""""""""""""""""""""""""""""""""""""""""""""""""""""""""""""""""""""""""""""""""""""""""""""""""""""""""""""""""""""""""""""""""""""""""""""""""""""""""CC(=O)Cl.CCC[Cu-]CCC.[Li+]""""""""""""""""""""""""""""""""""""""""""""""""""""""""""""""""""""""""""""""""""""""""""""""""""""""""""""""""""""""""""""""""""""""""""""""""""""""""""""""""""""""""""""""""""""""""""""""""""""""""""""""""""""""""""""""""""""""""""""""""""""""""""""""""""""""""""""""""""""""""""""""""""""""""""""""""""""""""""""""""""""""""""""""""""""""""""""""""""""""""""""""""""""""""""""""""""""""""""""""""""""""""""""""""""""""""""""""""""""""""""""""""""""""""""""""""""""""""""""""""""""""""""""""""""""""""""""""""}[[2]]",0.3235037127714073,"5ff235ad9bc90d0001c30b78","600f0083ec44ea0001ced9f1","False","False","False","False","False",-32.533573081389804,-13.174492724382013,0,0
39,"organocopper","C=C1C(C)=CC(CC1)=O.CC(C)C[Cu-]CC(C)C.[Li+]>>O=C2CCC(CCC(C)C)C(C)=C2","O=C2CCC(CCC(C)C)C(C)=C2","C=C1CCC(=O)C=C1C.CC(C)C[Cu-]CC(C)C.[Li+]>>CC1=CC(=O)CCC1(C)C","CC1=CC(=O)CCC1(C)C",0.22019956603613342,"5ff235ad9bc90d0001c30b78","600f009cec44ea0001ceda26","False","False","False","False","False",-4.409088232947653,-12.3867267649515,-33.088788238716916,-12.797607505763766
40,"organocopper","O=C1C=CCCC1.CC[Cu-]CC.[Li+]>>O=C2CC(CC)CCC2","O=C2CC(CC)CCC2","CC[Cu-]CC.O=C1C=CCCC1.[Li+]>>CCC(C)C1CCCC(=O)C1","CCC(C)C1CCCC(=O)C1",0.928958715688639,"5ff235ad9bc90d0001c30b78","600f00b4ec44ea0001ceda4f","False","False","False","False","False",-1.7489382358322842,-13.51536631078587,21.76083676849464,-12.967515930714026
41,"friedelcrafts","CC(C)(Cl)C.C1=CC=CC=C1.[Al+3].[Cl-].[Cl-].[Cl-]>>CC(C)(C)C2=CC=CC=C2","CC(C)(C)C2=CC=CC=C2","CC(C)(C)Cl.[Al+3].[Cl-].[Cl-].[Cl-].c1ccccc1>>CC(C)(C)c1ccccc1","CC(C)(C)c1ccccc1",0.981540816848488,"5ff23c8a9bc90d0001c3104e","600f02a5ec44ea0001cedd38","True","True","True","True","True",1.5552151573271118,-34.871356205116456,1.5552151573271118,-34.871356205116456
42,"friedelcrafts","CC(Cl)=O.C1=CC=CC=C1.[Al+3].[Cl-].[Cl-].[Cl-]>>CC(C2=CC=CC=C2)=O","CC(C2=CC=CC=C2)=O","CC(=O)Cl.[Al+3].[Cl-].[Cl-].[Cl-].c1ccccc1>>CC(=O)c1ccccc1","CC(=O)c1ccccc1",0.99870186891749,"5ff23c8a9bc90d0001c3104e","600f02beec44ea0001cedd6d","True","True","True","True","True",-2.4447848426728953,-35.171667664643465,-2.4447848426728953,-35.171667664643465
43,"friedelcrafts","CC(C)C(Cl)C.C1=CC=CC=C1.[Al+3].[Cl-].[Cl-].[Cl-]>>CC(CC)(C)C2=CC=CC=C2","CC(CC)(C)C2=CC=CC=C2","CC(C)C(C)Cl.[Al+3].[Cl-].[Cl-].[Cl-].c1ccccc1>>CC(C)C(C)c1ccccc1","CC(C)C(C)c1ccccc1",0.9858212334453345,"5ff23c8a9bc90d0001c3104e","600f02d6ec44ea0001ceddac","False","False","False","False","False",-22.63425985276907,-35.13655098523241,-11.954559846999821,-34.671135606620744
44,"friedelcrafts","CCCCl.C1=CC=CC=C1.[Al+3].[Cl-].[Cl-].[Cl-]>>CC(C)C2=CC=CC=C2","CC(C)C2=CC=CC=C2","CCCCl.[Al+3].[Cl-].[Cl-].[Cl-].c1ccccc1>>CCCc1ccccc1","CCCc1ccccc1",0.7376654966822468,"5ff23c8a9bc90d0001c3104e","600f02eeec44ea0001cedde5","False","False","False","False","False",-1.2748598412305796,-35.26845735695116,3.555215157327112,-35.29815096641862
45,"friedelcrafts","O=C(Cl)CCCC1=CC=CC=C1.[Al+3].[Cl-].[Cl-].[Cl-]>>O=C2CCCC3=CC=CC=C32","O=C2CCCC3=CC=CC=C32","O=C(Cl)CCCc1ccccc1.[Al+3].[Cl-].[Cl-].[Cl-]>>O=C1CCCc2ccccc21","O=C1CCCc2ccccc21",0.8285720289760413,"5ff23c8a9bc90d0001c3104e","600f0306ec44ea0001cede18","True","True","True","True","True",9.140177658048259,-32.964971891235635,9.140177658048259,-32.964971891235635
46,"friedelcrafts","O=C(C1=CC=CC=C1)N2C3=CC=CC=C3C(CCC(Cl)=O)C2.[Al+3].[Cl-].[Cl-].[Cl-]>>O=C4CCC5C6=C4C=CC=C6N(C(C7=CC=CC=C7)=O)C5","O=C4CCC5C6=C4C=CC=C6N(C(C7=CC=CC=C7)=O)C5","O=C(Cl)CCC1CN(C(=O)c2ccccc2)c2ccccc21.[Al+3].[Cl-].[Cl-].[Cl-]>>{""""""""""""""""""""""""""""""""""""""""""""""""""""""""""""""""""""""""""""""""""""""""""""""""""""""""""""""""""""""""""""""""""""""""""""""""""""""""""""""""""""""""""""""""""""""""""""""""""""""""""""""""""""""""""""""""""""""""""""""""""""""""""""""""""""""""""""""""""""""""""""""""""""""""""""""""""""""""""""""""""""""""""""""""""""""""""""""""""""""""""""""""""""""""""""""""""""""""""""""""""""""""""""""""""""""""""""""""""""""""""""""""""""""""""""""""""""""""""""""""""""""""""""""""""""""""""""""""O=C(Cl)CCC1CN(C(=O)c2ccccc2)c2ccccc21.[Al+3].[Cl-].[Cl-].[Cl-]""""""""""""""""""""""""""""""""""""""""""""""""""""""""""""""""""""""""""""""""""""""""""""""""""""""""""""""""""""""""""""""""""""""""""""""""""""""""""""""""""""""""""""""""""""""""""""""""""""""""""""""""""""""""""""""""""""""""""""""""""""""""""""""""""""""""""""""""""""""""""""""""""""""""""""""""""""""""""""""""""""""""""""""""""""""""""""""""""""""""""""""""""""""""""""""""""""""""""""""""""""""""""""""""""""""""""""""""""""""""""""""""""""""""""""""""""""""""""""""""""""""""""""""""""""""""""""""""}[[2]]","{""""""""""""""""""""""""""""""""""""""""""""""""""""""""""""""""""""""""""""""""""""""""""""""""""""""""""""""""""""""""""""""""""""""""""""""""""""""""""""""""""""""""""""""""""""""""""""""""""""""""""""""""""""""""""""""""""""""""""""""""""""""""""""""""""""""""""""""""""""""""""""""""""""""""""""""""""""""""""""""""""""""""""""""""""""""""""""""""""""""""""""""""""""""""""""""""""""""""""""""""""""""""""""""""""""""""""""""""""""""""""""""""""""""""""""""""""""""""""""""""""""""""""""""""""""""""""""""""O=C(Cl)CCC1CN(C(=O)c2ccccc2)c2ccccc21.[Al+3].[Cl-].[Cl-].[Cl-]""""""""""""""""""""""""""""""""""""""""""""""""""""""""""""""""""""""""""""""""""""""""""""""""""""""""""""""""""""""""""""""""""""""""""""""""""""""""""""""""""""""""""""""""""""""""""""""""""""""""""""""""""""""""""""""""""""""""""""""""""""""""""""""""""""""""""""""""""""""""""""""""""""""""""""""""""""""""""""""""""""""""""""""""""""""""""""""""""""""""""""""""""""""""""""""""""""""""""""""""""""""""""""""""""""""""""""""""""""""""""""""""""""""""""""""""""""""""""""""""""""""""""""""""""""""""""""""""}[[2]]",0.2630975010940992,"5ff23c8a9bc90d0001c3104e","600f0355ec44ea0001cede94","False","True","True","True","True",-12.78463484555752,-32.945266028522056,0,0
47,"friedelcrafts","ClC1=CC=C(C(CCC(Cl)=O)C2=CC=CC=C2)C=C1Cl.[Al+3].[Cl-].[Cl-].[Cl-]>>ClC3=CC=C(C4CCC(C5=C4C=CC=C5)=O)C=C3Cl","ClC3=CC=C(C4CCC(C5=C4C=CC=C5)=O)C=C3Cl","O=C(Cl)CCC(c1ccccc1)c1ccc(Cl)c(Cl)c1.[Al+3].[Cl-].[Cl-].[Cl-]>>O=C1CCC(c2ccc(Cl)c(Cl)c2)c2ccccc21","O=C1CCC(c2ccc(Cl)c(Cl)c2)c2ccccc21",0.8803270515740331,"5ff23c8a9bc90d0001c3104e","600f0370ec44ea0001cedece","True","True","True","True","True",9.140177658048259,-33.00786319887969,9.140177658048259,-33.00786319887969
48,"friedelcrafts","CCl.C1=CC=CC=C1.[Al+3].[Cl-].[Cl-].[Cl-]>>CC2=CC=CC=C2","CC2=CC=CC=C2","CCl.[Al+3].[Cl-].[Cl-].[Cl-].c1ccccc1>>ClCc1ccccc1","ClCc1ccccc1",0.7711739437414721,"5ff23c8a9bc90d0001c3104e","600f0389ec44ea0001cedf05","False","True","True","True","True",7.555215157327112,-36.056364082811974,23.169925001442316,-35.70591327758066
49,"friedelcrafts","ClC(CCC)=O.C1=CC=CC=C1.[Al+3].[Cl-].[Cl-].[Cl-]>>O=C(CCC)C2=CC=CC=C2","O=C(CCC)C2=CC=CC=C2","CCCC(=O)Cl.[Al+3].[Cl-].[Cl-].[Cl-].c1ccccc1>>CCCC(=O)c1ccccc1","CCCC(=O)c1ccccc1",0.9998172723046619,"5ff23c8a9bc90d0001c3104e","600f03a1ec44ea0001cedf41","True","True","True","True","True",-2.444784842672888,-35.133514365925954,-2.444784842672888,-35.133514365925954
50,"friedelcrafts","CC(C)CCl.C1=CC=CC=C1.[Al+3].[Cl-].[Cl-].[Cl-]>>CC(C)(C)C2=CC=CC=C2","CC(C)(C)C2=CC=CC=C2","CC(C)CCl.[Al+3].[Cl-].[Cl-].[Cl-].c1ccccc1>>CC(C)Cc1ccccc1","CC(C)Cc1ccccc1",0.9904795858360401,"5ff23c8a9bc90d0001c3104e","600f03b9ec44ea0001cedf65","False","False","False","False","False",-0.6147098441152039,-35.05921578553604,3.5552151573271047,-35.113159924730176
51,"dielsalder","C=CC=C.C=C>>C1=CCCCC1","C1=CCCCC1","C=C.C=CC=C>>{""""""""""""""""""""""""""""""""""""""""""""""""""""""""""""""""""""""""""""""""""""""""""""""""""""""""""""""""""""""""""""""""""""""""""""""""""""""""""""""""""""""""""""""""""""""""""""""""""""""""""""""""""""""""""""""""""""""""""""""""""""""""""""""""""""""""""""""""""""""""""""""""""""""""""""""""""""""""""""""""""""""""""""""""""""""""""""""""""""""""""""""""""""""""""""""""""""""""""""""""""""""""""""""""""""""""""""""""""""""""""""""""""""""""""""""""""""""""""""""""""""""""""""""""""""""""""""""""C=C.C=CC=C""""""""""""""""""""""""""""""""""""""""""""""""""""""""""""""""""""""""""""""""""""""""""""""""""""""""""""""""""""""""""""""""""""""""""""""""""""""""""""""""""""""""""""""""""""""""""""""""""""""""""""""""""""""""""""""""""""""""""""""""""""""""""""""""""""""""""""""""""""""""""""""""""""""""""""""""""""""""""""""""""""""""""""""""""""""""""""""""""""""""""""""""""""""""""""""""""""""""""""""""""""""""""""""""""""""""""""""""""""""""""""""""""""""""""""""""""""""""""""""""""""""""""""""""""""""""""""""""}[[2]]","{""""""""""""""""""""""""""""""""""""""""""""""""""""""""""""""""""""""""""""""""""""""""""""""""""""""""""""""""""""""""""""""""""""""""""""""""""""""""""""""""""""""""""""""""""""""""""""""""""""""""""""""""""""""""""""""""""""""""""""""""""""""""""""""""""""""""""""""""""""""""""""""""""""""""""""""""""""""""""""""""""""""""""""""""""""""""""""""""""""""""""""""""""""""""""""""""""""""""""""""""""""""""""""""""""""""""""""""""""""""""""""""""""""""""""""""""""""""""""""""""""""""""""""""""""""""""""""""""C=C.C=CC=C""""""""""""""""""""""""""""""""""""""""""""""""""""""""""""""""""""""""""""""""""""""""""""""""""""""""""""""""""""""""""""""""""""""""""""""""""""""""""""""""""""""""""""""""""""""""""""""""""""""""""""""""""""""""""""""""""""""""""""""""""""""""""""""""""""""""""""""""""""""""""""""""""""""""""""""""""""""""""""""""""""""""""""""""""""""""""""""""""""""""""""""""""""""""""""""""""""""""""""""""""""""""""""""""""""""""""""""""""""""""""""""""""""""""""""""""""""""""""""""""""""""""""""""""""""""""""""""""}[[2]]",0.6613860253533512,"5ff23d0f9bc90d0001c310ae","600f078eec44ea0001cee616","False","True","True","True","True",6.,-5.3090834940542875,0,0
52,"dielsalder","C=C(C)C(C)=C.C=CC(OC)=O>>CC1=C(C)CCC(C(OC)=O)C1","CC1=C(C)CCC(C(OC)=O)C1","C=C(C)C(=C)C.C=CC(=O)OC>>COC(=O)C1CCC(C)=C(C)C1","COC(=O)C1CCC(C)=C(C)C1",0.936341008577789,"5ff23d0f9bc90d0001c310ae","600f07a6ec44ea0001cee646","True","True","True","True","True",40.33985000288463,-2.2779828547776706,40.33985000288463,-2.2779828547776706
53,"dielsalder","C=C(C)C=C.O=C(C=C1)OC1=O>>CC2=CCC(C(OC3=O)=O)C3C2","CC2=CCC(C(OC3=O)=O)C3C2","C=CC(=C)C.O=C1C=CC(=O)O1>>CC1=CCC2C(=O)OC(=O)C2C1","CC1=CCC2C(=O)OC(=O)C2C1",0.9742763825785435,"5ff23d0f9bc90d0001c310ae","600f07beec44ea0001cee683","True","True","True","True","True",80.18947501009619,-2.534510937306935,80.18947501009619,-2.534510937306935
54,"dielsalder","C=CC=C.O=C(C=C1C(C)=NO)C=CC1=O>>CC2=CC([C@@]3(N(C)O)CC=CC[C@@]3([H])C2=O)=O","CC2=CC([C@@]3(N(C)O)CC=CC[C@@]3([H])C2=O)=O","C=CC=C.CC(=NO)C1=CC(=O)C=CC1=O>>C=CC1CC2C(=O)C=CC(=O)C12","C=CC1CC2C(=O)C=CC(=O)C12",0.37710970826345397,"5ff23d0f9bc90d0001c310ae","600f07d7ec44ea0001cee6c2","False","False","False","False","False",79.06052178971018,-2.248164654615109,-3.2518685635549502,-2.3411908556782137
55,"dielsalder","C=CC=C.C=CC(C)=O>>CC(C1CCC=CC1)=O","CC(C1CCC=CC1)=O","C=CC(C)=O.C=CC=C>>CC(=O)C1CC=CCC1","CC(=O)C1CC=CCC1",0.5551769579946461,"5ff23d0f9bc90d0001c310ae","600f07efec44ea0001cee6dc","True","True","True","True","True",33.50977500432694,-3.217937329632406,33.50977500432694,-3.217937329632406
56,"dielsalder","C=CC=C.O=C(/C=C\C(O)=O)O>>O=C([C@H]1CC=CC[C@H]1C(O)=O)O","O=C([C@H]1CC=CC[C@H]1C(O)=O)O","C=CC=C.O=C(O)/C=C\C(=O)O>>O=C(O)C1CC=CCC1C(=O)O","O=C(O)C1CC=CCC1C(=O)O",0.7683011979184625,"5ff23d0f9bc90d0001c310ae","600f083fec44ea0001cee79b","True","True","True","True","True",88.35940001153851,-2.7121892319170673,17.33985000288463,-2.7121892319170673
57,"dielsalder","C=CC=C.O=C(/C=C/C(O)=O)O>>O=C([C@@H]1CC=CC[C@H]1C(O)=O)O.O=C([C@H]2CC=CC[C@@H]2C(O)=O)O","O=C([C@@H]1CC=CC[C@H]1C(O)=O)O.O=C([C@H]2CC=CC[C@@H]2C(O)=O)O","C=CC=C.O=C(O)/C=C/C(=O)O>>O=C(O)C1CC=CCC1C(=O)O","O=C(O)C1CC=CCC1C(=O)O",0.7136976327685692,"5ff23d0f9bc90d0001c310ae","600f0859ec44ea0001cee7d0","True","True","True","True","True",88.35940001153851,0.32586829756414915,17.33985000288463,-2.7121892319170673
58,"dielsalder","C=C.C1=CCC=C1>>[C@H]2(C3)C=C[C@@H]3CC2","[C@H]2(C3)C=C[C@@H]3CC2","C1=CCC=C1.C=C>>C1=CC2CCC1C2","C1=CC2CCC1C2",0.8646008888513895,"5ff23d0f9bc90d0001c310ae","600f0871ec44ea0001cee811","True","True","True","True","True",55.01955000865387,-2.7801898994460394,17.339850002884624,-2.7801898994460394
59,"dielsalder","C=CC(C)=O.C1=CCC=C1>>CC([C@@H]2[C@@H]3C=C[C@@H](C3)C2)=O","CC([C@@H]2[C@@H]3C=C[C@@H](C3)C2)=O","C1=CCC=C1.C=CC(C)=O>>CC(=O)C1CC2C=CC1C2","CC(=O)C1CC2C=CC1C2",0.9980914369037878,"5ff23d0f9bc90d0001c310ae","600f0889ec44ea0001cee844","True","True","True","True","True",63.3594000115385,-1.4436862120650407,63.3594000115385,-1.4436862120650407
60,"dielsalder","O=C(C=C1)OC1=O.C2=CCC=C2>>O=C([C@H]3[C@H](C4)C=C[C@H]4[C@H]35)OC5=O","O=C([C@H]3[C@H](C4)C=C[C@H]4[C@H]35)OC5=O","C1=CCC=C1.O=C1C=CC(=O)O1>>O=C1OC(=O)C2C3C=CC(C3)C12","O=C1OC(=O)C2C3C=CC(C3)C12",0.5648734690286562,"5ff23d0f9bc90d0001c310ae","600f08a1ec44ea0001cee85a","True","True","True","True","True",120.20902501875008,-1.7763376281357948,28.679700005769256,-1.7763376281357948
61,"acetylide","BrCC1=CC=CC=C1.[C-]#CC2CCCC2>>C3(CC#CC4CCCC4)=CC=CC=C3","C3(CC#CC4CCCC4)=CC=CC=C3","BrCc1ccccc1.[C-]#CC1CCCC1>>C(#CC1CCCC1)Cc1ccccc1","C(#CC1CCCC1)Cc1ccccc1",0.5642172360621351,"5ff3644b9bc90d0001c40593","600f0ae6ec44ea0001ceec16","True","True","True","True","True",-7.199672344836358,-2.857169228901279,-7.199672344836358,-2.857169228901279
62,"acetylide","C[C@]1(CC(CCI)C=C1)CCC2OCCO2.[C-]#C>>C[C@]3(CC(CCC#C)C=C3)CCC4OCCO4","C[C@]3(CC(CCC#C)C=C3)CCC4OCCO4","C[C@]1(CCC2OCCO2)C=CC(CCI)C1.[C-]#C>>C#CCCC1C=C[C@@](C)(CCC2OCCO2)C1","C#CCCC1C=C[C@@](C)(CCC2OCCO2)C1",0.7857231917649029,"5ff3644b9bc90d0001c40593","600f0afdec44ea0001ceec51","True","True","True","True","True",-7.199672344836358,-5.770088724476825,-7.199672344836358,-5.770088724476825
63,"acetylide","BrCCCCCCCCOC.[C-]#CCO>>OCC#CCCCCCCCCOC","OCC#CCCCCCCCCOC","COCCCCCCCCBr.[C-]#CCO>>COCCCCCCCCC#CCO","COCCCCCCCCC#CCO",0.9342413281677058,"5ff3644b9bc90d0001c40593","600f0b16ec44ea0001ceec6f","True","True","True","True","True",-7.199672344836372,-4.403183355385727,-7.199672344836372,-4.403183355385727
64,"acetylide","CC1(C)CO1.[C-]#C>>C#CCC(C)(C)O","C#CCC(C)(C)O","CC1(C)CO1.[C-]#C>>C#CCC(C)(C)O","C#CCC(C)(C)O",0.9961075766745686,"5ff3644b9bc90d0001c40593","600f0b2fec44ea0001ceeca9","True","True","True","True","True",-10.754887502163477,-4.668645771069085,-10.754887502163477,-4.668645771069085
65,"acetylide","[C-]#C.[C@H]12CCCC[C@H]1O2>>O[C@H]3CCCC[C@@H]3C#C.O[C@H]4[C@H](C#C)CCCC4","O[C@H]3CCCC[C@@H]3C#C.O[C@H]4[C@H](C#C)CCCC4","C1CC[C@H]2O[C@H]2C1.[C-]#C>>C#C[C@H]1CCCC[C@H]1O","C#C[C@H]1CCCC[C@H]1O",0.4432297328939513,"5ff3644b9bc90d0001c40593","600f0b47ec44ea0001ceecea","True","True","True","True","True",79.01955000865388,-1.5383228526193076,-26.264662506490396,-5.145414750995166
66,"acetylide","CCCC#[C-].CCCC1OC1>>CCCC#CCC(O)CCC","CCCC#CCC(O)CCC","CCCC1CO1.[C-]#CCCC>>CCCC#CCC(O)CCC","CCCC#CCC(O)CCC",0.9888302265436393,"5ff3644b9bc90d0001c40593","600f0b97ec44ea0001ceed72","True","True","True","True","True",-10.754887502163484,-3.890027854632324,-10.754887502163484,-3.890027854632324
67,"acetylide","ClCCC.[C-]#C>>C#CCCC","C#CCCC","CCCCl.[C-]#C>>[C-]#CCCC","[C-]#CCCC",0.40323688749035735,"5ff3644b9bc90d0001c40593","600f0bafec44ea0001ceedb6","True","True","True","True","True",-7.199672344836365,-4.994082701472204,-7.199672344836365,-3.6545844766201325
68,"acetylide","CCC(Cl)(Cl)C(C)(C)C.[Na+].[NH2-]>>CC#CC(C)(C)C","CC#CC(C)(C)C","CCC(Cl)(Cl)C(C)(C)C.[NH2-].[Na+]>>{""""""""""""""""""""""""""""""""""""""""""""""""""""""""""""""""""""""""""""""""""""""""""""""""""""""""""""""""""""""""""""""""""""""""""""""""""""""""""""""""""""""""""""""""""""""""""""""""""""""""""""""""""""""""""""""""""""""""""""""""""""""""""""""""""""""""""""""""""""""""""""""""""""""""""""""""""""""""""""""""""""""""""""""""""""""""""""""""""""""""""""""""""""""""""""""""""""""""""""""""""""""""""""""""""""""""""""""""""""""""""""""""""""""""""""""""""""""""""""""""""""""""""""""""""""""""""""""""CCC(Cl)(Cl)C(C)(C)C.[NH2-].[Na+]""""""""""""""""""""""""""""""""""""""""""""""""""""""""""""""""""""""""""""""""""""""""""""""""""""""""""""""""""""""""""""""""""""""""""""""""""""""""""""""""""""""""""""""""""""""""""""""""""""""""""""""""""""""""""""""""""""""""""""""""""""""""""""""""""""""""""""""""""""""""""""""""""""""""""""""""""""""""""""""""""""""""""""""""""""""""""""""""""""""""""""""""""""""""""""""""""""""""""""""""""""""""""""""""""""""""""""""""""""""""""""""""""""""""""""""""""""""""""""""""""""""""""""""""""""""""""""""""}[[2]]","{""""""""""""""""""""""""""""""""""""""""""""""""""""""""""""""""""""""""""""""""""""""""""""""""""""""""""""""""""""""""""""""""""""""""""""""""""""""""""""""""""""""""""""""""""""""""""""""""""""""""""""""""""""""""""""""""""""""""""""""""""""""""""""""""""""""""""""""""""""""""""""""""""""""""""""""""""""""""""""""""""""""""""""""""""""""""""""""""""""""""""""""""""""""""""""""""""""""""""""""""""""""""""""""""""""""""""""""""""""""""""""""""""""""""""""""""""""""""""""""""""""""""""""""""""""""""""""""""CCC(Cl)(Cl)C(C)(C)C.[NH2-].[Na+]""""""""""""""""""""""""""""""""""""""""""""""""""""""""""""""""""""""""""""""""""""""""""""""""""""""""""""""""""""""""""""""""""""""""""""""""""""""""""""""""""""""""""""""""""""""""""""""""""""""""""""""""""""""""""""""""""""""""""""""""""""""""""""""""""""""""""""""""""""""""""""""""""""""""""""""""""""""""""""""""""""""""""""""""""""""""""""""""""""""""""""""""""""""""""""""""""""""""""""""""""""""""""""""""""""""""""""""""""""""""""""""""""""""""""""""""""""""""""""""""""""""""""""""""""""""""""""""""}[[2]]",0.33587184989348656,"5ff3644b9bc90d0001c40593","600f0bc7ec44ea0001ceede6","False","False","False","False","False",-19.614709844115204,-16.998921492666753,0,0
69,"acetylide","BrC(C(Br)C1CCCCC1)C2CCCCC2.[Na+].[NH2-]>>C3(C#CC4CCCCC4)CCCCC3","C3(C#CC4CCCCC4)CCCCC3","BrC(C1CCCCC1)C(Br)C1CCCCC1.[NH2-].[Na+]>>{""""""""""""""""""""""""""""""""""""""""""""""""""""""""""""""""""""""""""""""""""""""""""""""""""""""""""""""""""""""""""""""""""""""""""""""""""""""""""""""""""""""""""""""""""""""""""""""""""""""""""""""""""""""""""""""""""""""""""""""""""""""""""""""""""""""""""""""""""""""""""""""""""""""""""""""""""""""""""""""""""""""""""""""""""""""""""""""""""""""""""""""""""""""""""""""""""""""""""""""""""""""""""""""""""""""""""""""""""""""""""""""""""""""""""""""""""""""""""""""""""""""""""""""""""""""""""""""""BrC(C1CCCCC1)C(Br)C1CCCCC1.[NH2-].[Na+]""""""""""""""""""""""""""""""""""""""""""""""""""""""""""""""""""""""""""""""""""""""""""""""""""""""""""""""""""""""""""""""""""""""""""""""""""""""""""""""""""""""""""""""""""""""""""""""""""""""""""""""""""""""""""""""""""""""""""""""""""""""""""""""""""""""""""""""""""""""""""""""""""""""""""""""""""""""""""""""""""""""""""""""""""""""""""""""""""""""""""""""""""""""""""""""""""""""""""""""""""""""""""""""""""""""""""""""""""""""""""""""""""""""""""""""""""""""""""""""""""""""""""""""""""""""""""""""""}[[2]]","{""""""""""""""""""""""""""""""""""""""""""""""""""""""""""""""""""""""""""""""""""""""""""""""""""""""""""""""""""""""""""""""""""""""""""""""""""""""""""""""""""""""""""""""""""""""""""""""""""""""""""""""""""""""""""""""""""""""""""""""""""""""""""""""""""""""""""""""""""""""""""""""""""""""""""""""""""""""""""""""""""""""""""""""""""""""""""""""""""""""""""""""""""""""""""""""""""""""""""""""""""""""""""""""""""""""""""""""""""""""""""""""""""""""""""""""""""""""""""""""""""""""""""""""""""""""""""""""""BrC(C1CCCCC1)C(Br)C1CCCCC1.[NH2-].[Na+]""""""""""""""""""""""""""""""""""""""""""""""""""""""""""""""""""""""""""""""""""""""""""""""""""""""""""""""""""""""""""""""""""""""""""""""""""""""""""""""""""""""""""""""""""""""""""""""""""""""""""""""""""""""""""""""""""""""""""""""""""""""""""""""""""""""""""""""""""""""""""""""""""""""""""""""""""""""""""""""""""""""""""""""""""""""""""""""""""""""""""""""""""""""""""""""""""""""""""""""""""""""""""""""""""""""""""""""""""""""""""""""""""""""""""""""""""""""""""""""""""""""""""""""""""""""""""""""""}[[2]]",0.26949800246842653,"5ff3644b9bc90d0001c40593","600f0bdfec44ea0001ceee40","False","False","False","False","False",-40.634259852769055,-17.750156784692315,0,0
70,"acetylide","C#CC.[H]Cl>>C/C(Cl)=C([H])/[H]","C/C(Cl)=C([H])/[H]","C#CC.Cl>>{""""""""""""""""""""""""""""""""""""""""""""""""""""""""""""""""""""""""""""""""""""""""""""""""""""""""""""""""""""""""""""""""""""""""""""""""""""""""""""""""""""""""""""""""""""""""""""""""""""""""""""""""""""""""""""""""""""""""""""""""""""""""""""""""""""""""""""""""""""""""""""""""""""""""""""""""""""""""""""""""""""""""""""""""""""""""""""""""""""""""""""""""""""""""""""""""""""""""""""""""""""""""""""""""""""""""""""""""""""""""""""""""""""""""""""""""""""""""""""""""""""""""""""""""""""""""""""""""C#CC.Cl""""""""""""""""""""""""""""""""""""""""""""""""""""""""""""""""""""""""""""""""""""""""""""""""""""""""""""""""""""""""""""""""""""""""""""""""""""""""""""""""""""""""""""""""""""""""""""""""""""""""""""""""""""""""""""""""""""""""""""""""""""""""""""""""""""""""""""""""""""""""""""""""""""""""""""""""""""""""""""""""""""""""""""""""""""""""""""""""""""""""""""""""""""""""""""""""""""""""""""""""""""""""""""""""""""""""""""""""""""""""""""""""""""""""""""""""""""""""""""""""""""""""""""""""""""""""""""""""}[[2]]","{""""""""""""""""""""""""""""""""""""""""""""""""""""""""""""""""""""""""""""""""""""""""""""""""""""""""""""""""""""""""""""""""""""""""""""""""""""""""""""""""""""""""""""""""""""""""""""""""""""""""""""""""""""""""""""""""""""""""""""""""""""""""""""""""""""""""""""""""""""""""""""""""""""""""""""""""""""""""""""""""""""""""""""""""""""""""""""""""""""""""""""""""""""""""""""""""""""""""""""""""""""""""""""""""""""""""""""""""""""""""""""""""""""""""""""""""""""""""""""""""""""""""""""""""""""""""""""""""C#CC.Cl""""""""""""""""""""""""""""""""""""""""""""""""""""""""""""""""""""""""""""""""""""""""""""""""""""""""""""""""""""""""""""""""""""""""""""""""""""""""""""""""""""""""""""""""""""""""""""""""""""""""""""""""""""""""""""""""""""""""""""""""""""""""""""""""""""""""""""""""""""""""""""""""""""""""""""""""""""""""""""""""""""""""""""""""""""""""""""""""""""""""""""""""""""""""""""""""""""""""""""""""""""""""""""""""""""""""""""""""""""""""""""""""""""""""""""""""""""""""""""""""""""""""""""""""""""""""""""""""}[[2]]",0.5011374149358299,"5ff3644b9bc90d0001c40593","600f0bf8ec44ea0001ceee9a","False","False","False","False","False",21.029747343394057,-7.039962838320848,0,0
71,"esub","BrBr.C1=CC=CC=C1.[Fe+3].[Br-].[Br-].[Br-]>>BrC2=CC=CC=C2","BrC2=CC=CC=C2","BrBr.[Br-].[Br-].[Br-].[Fe+3].c1ccccc1>>Brc1ccc(Br)cc1","Brc1ccc(Br)cc1",0.9476861897432869,"5ff364859bc90d0001c405dd","600f0e0aec44ea0001cef1cc","False","True","True","True","True",25.977279923499925,-38.18761973039594,22.392317422778763,-37.89225540618551
72,"esub","O[N+]([O-])=O.O=S(O)(O)=O.C1=CC=CC=C1>>O=[N+](C2=CC=CC=C2)[O-]","O=[N+](C2=CC=CC=C2)[O-]","O=S(=O)(O)O.O=[N+]([O-])O.c1ccccc1>>O=[N+]([O-])c1ccccc1","O=[N+]([O-])c1ccccc1",0.9998790129319819,"5ff364859bc90d0001c405dd","600f0e22ec44ea0001cef200","True","True","True","True","True",-2.0537657239917735,-4.396018036915402,-2.0537657239917735,-4.396018036915402
73,"esub","O=S([O-])[O-].O=S(O)(O)=O.C1=CC=CC=C1>>O=S(C2=CC=CC=C2)(O)=O","O=S(C2=CC=CC=C2)(O)=O","O=S(=O)(O)O.O=S([O-])[O-].c1ccccc1>>O=S(=O)(O)c1ccccc1","O=S(=O)(O)c1ccccc1",0.8693010946919638,"5ff364859bc90d0001c405dd","600f0e3bec44ea0001cef221","True","True","True","True","True",18.33985000288463,-6.5779043697731385,18.33985000288463,-6.5779043697731385
74,"esub","O=C(OC)C1=CC=CC=C1.BrBr.[Fe+3].[Br-].[Br-].[Br-]>>O=C(OC)C2=CC(Br)=CC=C2","O=C(OC)C2=CC(Br)=CC=C2","BrBr.COC(=O)c1ccccc1.[Br-].[Br-].[Br-].[Fe+3]>>COC(=O)c1cccc(Br)c1","COC(=O)c1cccc(Br)c1",0.9677403385673352,"5ff364859bc90d0001c405dd","600f0e53ec44ea0001cef257","True","True","True","True","True",41.56224242422108,-37.93734344619939,41.56224242422108,-37.93734344619939
75,"esub","OC1=CC=CC=C1.BrBr.[Fe+3].[Br-].[Br-].[Br-]>>OC2=C(Br)C=C(Br)C=C2Br","OC2=C(Br)C=C(Br)C=C2Br","BrBr.Oc1ccccc1.[Br-].[Br-].[Br-].[Fe+3]>>Oc1ccc(Br)cc1Br","Oc1ccc(Br)cc1Br",0.5703427545759845,"5ff364859bc90d0001c405dd","600f0e6cec44ea0001cef291","False","False","False","False","False",37.66717726400933,-37.278248601857335,68.00702726689394,-37.558439665449306
76,"esub","OC1=CC=CC=C1.BrBr>>OC2=C(Br)C=CC=C2.OC3=CC=C(Br)C=C3","OC2=C(Br)C=CC=C2.OC3=CC=C(Br)C=C3","BrBr.Oc1ccccc1>>Oc1ccc(Br)cc1","Oc1ccc(Br)cc1",0.6984321121393727,"5ff364859bc90d0001c405dd","600f0ebbec44ea0001cef323","True","True","True","True","True",102.6867272726632,-2.375539809878598,15.222392421336437,-4.095020168165545
77,"esub","CC(NC1=CC=CC=C1)=O.O[N+]([O-])=O.O=S(O)(O)=O>>CC(NC2=CC=CC=C2[N+]([O-])=O)=O.CC(NC3=CC=C([N+]([O-])=O)C=C3)=O","CC(NC2=CC=CC=C2[N+]([O-])=O)=O.CC(NC3=CC=C([N+]([O-])=O)C=C3)=O","CC(=O)Nc1ccccc1.O=S(=O)(O)O.O=[N+]([O-])O>>CC(=O)Nc1ccc([N+](=O)[O-])cc1","CC(=O)Nc1ccc([N+](=O)[O-])cc1",0.9795041753475034,"5ff364859bc90d0001c405dd","600f0ed4ec44ea0001cef353","True","True","True","True","True",173.5658870174766,-2.682069427282336,-12.808653226155258,-4.311472693774679
78,"esub","ClC(C=C1)=CC=C1[N+]([O-])=O.[OH-]>>OC(C=C2)=CC=C2[N+]([O-])=O","OC(C=C2)=CC=C2[N+]([O-])=O","O=[N+]([O-])c1ccc(Cl)cc1.[OH-]>>O=[N+]([O-])c1ccc(O)cc1","O=[N+]([O-])c1ccc(O)cc1",0.9923028703908136,"5ff364859bc90d0001c405dd","600f0eedec44ea0001cef379","True","True","True","True","True",-0.4447848426729024,-8.296793593082398,-0.4447848426729024,-8.296793593082398
79,"esub","ClC(C=C1)=CC=C1C(F)(F)F.OC(CCN(C)C)C2=CC=CC=C2.CC(C)([O-])C>>FC(C3=CC=C(OC(C4=CC=CC=C4)CCN(C)C)C=C3)(F)F","FC(C3=CC=C(OC(C4=CC=CC=C4)CCN(C)C)C=C3)(F)F","CC(C)(C)[O-].CN(C)CCC(O)c1ccccc1.FC(F)(F)c1ccc(Cl)cc1>>CN(C)CCC(Oc1ccc(C(F)(F)F)cc1)c1ccccc1","CN(C)CCC(Oc1ccc(C(F)(F)F)cc1)c1ccccc1",0.9880422783283475,"5ff364859bc90d0001c405dd","600f0f05ec44ea0001cef3b4","True","True","True","True","True",-20.614709844115254,-4.079165988392472,-20.614709844115254,-4.079165988392472
80,"esub","CC1=CC=C(Cl)C=C1.[Na+].[NH2-].N>>CC2=CC=C(N)C=C2.CC3=CC(N)=CC=C3","CC2=CC=C(N)C=C2.CC3=CC(N)=CC=C3","Cc1ccc(Cl)cc1.N.[NH2-].[Na+]>>Cc1ccc(N)cc1","Cc1ccc(N)cc1",0.9699833806092223,"5ff364859bc90d0001c405dd","600f0f1fec44ea0001cef3f0","True","True","True","True","True",70.3527025412035,-21.799072095943117,-0.9708536543404804,-23.331981824859437
81,"carbonylcondensation","[H]C(C)=O.[H]C(C1=CC=CC=C1)=O.[OH-]>>[H]C(/C=C/C2=CC=CC=C2)=O","[H]C(/C=C/C2=CC=CC=C2)=O","CC=O.O=Cc1ccccc1.[OH-]>>O=C/C=C/c1ccccc1","O=C/C=C/c1ccccc1",0.8262311385548583,"5ff364be9bc90d0001c4060a","600f1601ec44ea0001cf0378","True","True","True","True","True",-9.169925001442316,-11.026743606812598,-9.169925001442316,-11.026743606812598
82,"carbonylcondensation","[H]C(C1=CC=CC=C1)=O.CCCCCCC=O.[OH-]>>CCCCC/C(C=O)=C\C2=CC=CC=C2","CCCCC/C(C=O)=C\C2=CC=CC=C2","CCCCCCC=O.O=Cc1ccccc1.[OH-]>>CCCCC/C(C=O)=C\c1ccccc1","CCCCC/C(C=O)=C\c1ccccc1",0.8535628614685686,"5ff364be9bc90d0001c4060a","600f1618ec44ea0001cf03ad","True","True","True","True","True",-8.339850002884617,-9.758530060681572,-8.339850002884617,-9.758530060681572
83,"carbonylcondensation","[H]C(C1=CC=CC=C1)=O.O=C(OCC)CC(OCC)=O.[O-]CC>>O=C(OCC)/C(C(OCC)=O)=C\C2=CC=CC=C2","O=C(OCC)/C(C(OCC)=O)=C\C2=CC=CC=C2","CCOC(=O)CC(=O)OCC.CC[O-].O=Cc1ccccc1>>CCOC(=O)C(=Cc1ccccc1)C(=O)OCC","CCOC(=O)C(=Cc1ccccc1)C(=O)OCC",0.936592697897053,"5ff364be9bc90d0001c4060a","600f1631ec44ea0001cf03e2","True","True","True","True","True",-28.50977500432694,-5.094812156316688,-28.50977500432694,-5.094812156316688
84,"carbonylcondensation","CC(CCC(C)=O)=O.[O-]CC>>CC1=CC(CC1)=O","CC1=CC(CC1)=O","CC(=O)CCC(C)=O.CC[O-]>>Cc1ccc(C)o1","Cc1ccc(C)o1",0.7993669183466227,"5ff364be9bc90d0001c4060a","600f164aec44ea0001cf0414","False","False","False","False","False",5.999999999999986,-3.1385493127901958,-18.,-3.8130246164339203
85,"carbonylcondensation","CC(CCCC(C)=O)=O.[O-]CC>>O=C1C=C(C)CCC1","O=C1C=C(C)CCC1","CC(=O)CCCC(C)=O.CC[O-]>>{""""""""""""""""""""""""""""""""""""""""""""""""""""""""""""""""""""""""""""""""""""""""""""""""""""""""""""""""""""""""""""""""""""""""""""""""""""""""""""""""""""""""""""""""""""""""""""""""""""""""""""""""""""""""""""""""""""""""""""""""""""""""""""""""""""""""""""""""""""""""""""""""""""""""""""""""""""""""""""""""""""""""""""""""""""""""""""""""""""""""""""""""""""""""""""""""""""""""""""""""""""""""""""""""""""""""""""""""""""""""""""""""""""""""""""""""""""""""""""""""""""""""""""""""""""""""""""""""CC(=O)CCCC(C)=O.CC[O-]""""""""""""""""""""""""""""""""""""""""""""""""""""""""""""""""""""""""""""""""""""""""""""""""""""""""""""""""""""""""""""""""""""""""""""""""""""""""""""""""""""""""""""""""""""""""""""""""""""""""""""""""""""""""""""""""""""""""""""""""""""""""""""""""""""""""""""""""""""""""""""""""""""""""""""""""""""""""""""""""""""""""""""""""""""""""""""""""""""""""""""""""""""""""""""""""""""""""""""""""""""""""""""""""""""""""""""""""""""""""""""""""""""""""""""""""""""""""""""""""""""""""""""""""""""""""""""""""}[[2]]","{""""""""""""""""""""""""""""""""""""""""""""""""""""""""""""""""""""""""""""""""""""""""""""""""""""""""""""""""""""""""""""""""""""""""""""""""""""""""""""""""""""""""""""""""""""""""""""""""""""""""""""""""""""""""""""""""""""""""""""""""""""""""""""""""""""""""""""""""""""""""""""""""""""""""""""""""""""""""""""""""""""""""""""""""""""""""""""""""""""""""""""""""""""""""""""""""""""""""""""""""""""""""""""""""""""""""""""""""""""""""""""""""""""""""""""""""""""""""""""""""""""""""""""""""""""""""""""""""CC(=O)CCCC(C)=O.CC[O-]""""""""""""""""""""""""""""""""""""""""""""""""""""""""""""""""""""""""""""""""""""""""""""""""""""""""""""""""""""""""""""""""""""""""""""""""""""""""""""""""""""""""""""""""""""""""""""""""""""""""""""""""""""""""""""""""""""""""""""""""""""""""""""""""""""""""""""""""""""""""""""""""""""""""""""""""""""""""""""""""""""""""""""""""""""""""""""""""""""""""""""""""""""""""""""""""""""""""""""""""""""""""""""""""""""""""""""""""""""""""""""""""""""""""""""""""""""""""""""""""""""""""""""""""""""""""""""""""}[[2]]",0.6914013513712526,"5ff364be9bc90d0001c4060a","600f1662ec44ea0001cf045e","False","True","True","True","True",8.999999999999986,-3.2561335413285333,0,0
86,"carbonylcondensation","CC(OCC)=O.CC(OCC)=O.[O-]CC>>O=C(CC(C)=O)OCC","O=C(CC(C)=O)OCC","CCOC(C)=O.CCOC(C)=O.CC[O-]>>CCOC(=O)CC(C)=O","CCOC(=O)CC(C)=O",0.9507623778549708,"5ff364be9bc90d0001c4060a","600f16b1ec44ea0001cf04ee","True","True","True","True","True",-43.509775004326954,-5.371342301894791,-43.509775004326954,-5.371342301894791
87,"carbonylcondensation","O=C(OCC)C1=CC=CC=C1.CC(OCC)=O.[O-]CC>>O=C(CC(OCC)=O)C2=CC=CC=C2","O=C(CC(OCC)=O)C2=CC=CC=C2","CCOC(=O)c1ccccc1.CCOC(C)=O.CC[O-]>>CCOC(=O)CC(=O)c1ccccc1","CCOC(=O)CC(=O)c1ccccc1",0.9592268758180209,"5ff364be9bc90d0001c4060a","600f16caec44ea0001cf0523","True","True","True","True","True",-43.50977500432694,-5.094259313094091,-43.50977500432694,-5.094259313094091
88,"carbonylcondensation","O=C1CCCCC1.[H]C(OCC)=O.[O-]CC>>O=C2C(C([H])=O)CCCC2","O=C2C(C([H])=O)CCCC2","CCOC=O.CC[O-].O=C1CCCCC1>>O=C1CCCCC1=CO","O=C1CCCCC1=CO",0.33521720969183294,"5ff364be9bc90d0001c4060a","600f16e2ec44ea0001cf0542","True","True","True","True","True",-9.000000000000014,-5.540692485515527,-20.50977500432694,-6.099459556434885
89,"carbonylcondensation","C/C=C/C(C)=O.O=C1CCCCC1.[OH-]>>O=C2CC(C)C3C(CCCC3)=C2","O=C2CC(C)C3C(CCCC3)=C2","C/C=C/C(C)=O.O=C1CCCCC1.[OH-]>>Cc1cc(O)cc2c1CCCC2","Cc1cc(O)cc2c1CCCC2",0.537177658752015,"5ff364be9bc90d0001c4060a","600f16fbec44ea0001cf0585","False","False","False","False","False",37.67970000576925,-9.836105635817153,17.83007499855769,-11.11834185275931
90,"carbonylcondensation","C=CC(C)=O.CC1C(CCC2=C1C=CC=C2OC)=O>>O=C3CCC4(C)C(CCC5=C4C=CC=C5OC)=C3","O=C3CCC4(C)C(CCC5=C4C=CC=C5OC)=C3","C=CC(C)=O.COc1cccc2c1CCC(=O)C2C>>COc1cccc2c1CCC1=CC(=O)CCC12C","COc1cccc2c1CCC1=CC(=O)CCC12C",0.20322849938752846,"5ff364be9bc90d0001c4060a","600f1714ec44ea0001cf05bc","True","True","True","True","True",-1.6797000057692628,-2.228613024316215,-1.6797000057692628,-2.228613024316215
91,"amine","CCCBr.N>>CCCN","CCCN","CCCBr.N>>{""""""""""""""""""""""""""""""""""""""""""""""""""""""""""""""""""""""""""""""""""""""""""""""""""""""""""""""""""""""""""""""""""""""""""""""""""""""""""""""""""""""""""""""""""""""""""""""""""""""""""""""""""""""""""""""""""""""""""""""""""""""""""""""""""""""""""""""""""""""""""""""""""""""""""""""""""""""""""""""""""""""""""""""""""""""""""""""""""""""""""""""""""""""""""""""""""""""""""""""""""""""""""""""""""""""""""""""""""""""""""""""""""""""""""""""""""""""""""""""""""""""""""""""""""""""""""""""""CCCBr.N""""""""""""""""""""""""""""""""""""""""""""""""""""""""""""""""""""""""""""""""""""""""""""""""""""""""""""""""""""""""""""""""""""""""""""""""""""""""""""""""""""""""""""""""""""""""""""""""""""""""""""""""""""""""""""""""""""""""""""""""""""""""""""""""""""""""""""""""""""""""""""""""""""""""""""""""""""""""""""""""""""""""""""""""""""""""""""""""""""""""""""""""""""""""""""""""""""""""""""""""""""""""""""""""""""""""""""""""""""""""""""""""""""""""""""""""""""""""""""""""""""""""""""""""""""""""""""""""}[[2]]","{""""""""""""""""""""""""""""""""""""""""""""""""""""""""""""""""""""""""""""""""""""""""""""""""""""""""""""""""""""""""""""""""""""""""""""""""""""""""""""""""""""""""""""""""""""""""""""""""""""""""""""""""""""""""""""""""""""""""""""""""""""""""""""""""""""""""""""""""""""""""""""""""""""""""""""""""""""""""""""""""""""""""""""""""""""""""""""""""""""""""""""""""""""""""""""""""""""""""""""""""""""""""""""""""""""""""""""""""""""""""""""""""""""""""""""""""""""""""""""""""""""""""""""""""""""""""""""""""CCCBr.N""""""""""""""""""""""""""""""""""""""""""""""""""""""""""""""""""""""""""""""""""""""""""""""""""""""""""""""""""""""""""""""""""""""""""""""""""""""""""""""""""""""""""""""""""""""""""""""""""""""""""""""""""""""""""""""""""""""""""""""""""""""""""""""""""""""""""""""""""""""""""""""""""""""""""""""""""""""""""""""""""""""""""""""""""""""""""""""""""""""""""""""""""""""""""""""""""""""""""""""""""""""""""""""""""""""""""""""""""""""""""""""""""""""""""""""""""""""""""""""""""""""""""""""""""""""""""""""""}[[2]]",0.6110906356674478,"5ff364f59bc90d0001c40647","600f1a3eec44ea0001cf0acd","False","True","True","True","True",-0.970853654340484,-7.224630769230771,0,0
92,"amine","CBr.NC1CCCCC1>>C[N+](C)(C)C2CCCCC2","C[N+](C)(C)C2CCCCC2","CBr.NC1CCCCC1>>CNC1CCCCC1","CNC1CCCCC1",0.7083737948893073,"5ff364f59bc90d0001c40647","600f1a56ec44ea0001cf0af5","True","False","False","False","False",9.02914634565952,-2.626478292644112,3.0291463456595196,-3.5544339778341367
93,"amine","CCBr.O=C([N-]C1=O)C2=C1C=CC=C2>>O=C(N(CC)C3=O)C4=C3C=CC=C4","O=C(N(CC)C3=O)C4=C3C=CC=C4","CCBr.O=C1[N-]C(=O)c2ccccc21>>CCN1C(=O)c2ccccc2C1=O","CCN1C(=O)c2ccccc2C1=O",0.9990516878187758,"5ff364f59bc90d0001c40647","600f1a6eec44ea0001cf0b31","True","True","True","True","True",3.368996348544158,-4.383275937578475,3.368996348544158,-4.383275937578475
94,"amine","O=C(N(CC)C1=O)C2=C1C=CC=C2.[OH-]>>CCN","CCN","CCN1C(=O)c2ccccc2C1=O.[OH-]>>CCN1C(=O)c2ccccc2C1=O","CCN1C(=O)c2ccccc2C1=O",0.40113609002762685,"5ff364f59bc90d0001c40647","600f1a86ec44ea0001cf0b53","False","False","False","False","False",-80.4934811969863,-7.9269865608664976,0.,-8.479573080261886
95,"amine","CC(C)=O.CN>>C/C(C)=N/C","C/C(C)=N/C","CC(C)=O.CN>>CN=C(C)C","CN=C(C)C",0.4976135989345126,"5ff364f59bc90d0001c40647","600f1a9fec44ea0001cf0b8d","True","True","True","True","True",3.813781191217039,-1.7384372334786597,3.813781191217039,-1.7384372334786597
96,"amine","CC(C)=O.CNC>>C/C(C)=[N+](C)/C","C/C(C)=[N+](C)/C","CC(C)=O.CNC>>CC(C)N(C)C","CC(C)N(C)C",0.8792776556098273,"5ff364f59bc90d0001c40647","600f1aeeec44ea0001cf0c37","False","False","False","False","False",3.4739311883324078,-0.5817822291244941,0.15363119410165638,-1.9591550101895834
97,"amine","[H]C(C)=O.CNC>>[H]C(N(C)C)=C","[H]C(N(C)C)=C","CC=O.CNC>>C/C=C/C=O","C/C=C/C=O",0.33190948098355233,"5ff364f59bc90d0001c40647","600f1b06ec44ea0001cf0c69","False","False","False","False","False",2.813781191217032,-2.3181668138627227,3.695993813109901,-1.7755709020821948
98,"amine","[H]C(C)=O.CN>>[H]/C(C)=N/C","[H]/C(C)=N/C","CC=O.CN>>C/C=N/C","C/C=N/C",0.6428171225119717,"5ff364f59bc90d0001c40647","600f1b1eec44ea0001cf0c9d","True","True","True","True","True",3.813781191217032,-2.2629172957317794,3.813781191217032,-2.2629172957317794
99,"amine","NC1=CC=CC=C1.[O-]N=O>>N#[N+]C2=CC=CC=C2","N#[N+]C2=CC=CC=C2","Nc1ccccc1.O=N[O-]>>N#[N+]c1ccccc1","N#[N+]c1ccccc1",0.9053125992143565,"5ff364f59bc90d0001c40647","600f1b37ec44ea0001cf0cc6","True","True","True","True","True",-11.416665599935449,-3.5424545690916354,-11.416665599935449,-3.5424545690916354
100,"amine","N#[N+]C1=CC=CC=C1.[Na]I>>IC2=CC=CC=C2","IC2=CC=CC=C2","N#[N+]c1ccccc1.[Na]I>>Ic1ccccc1","Ic1ccccc1",0.9338008861361038,"5ff364f59bc90d0001c40647","600f1b50ec44ea0001cf0cf8","True","True","True","True","True",-21.194602975157963,-8.272240388492742,-21.194602975157963,-8.272240388492742
